session,animal,date,twopRecordedTrials,twopAlignedDataTrials,bpodTrials
200330a,Plex50,2020-32-28_160747,,,
200330a,Plex50,2020-50-28_170733,,,
200330a,Plex50,2020-17-30_100722,,,
200330a,Plex50,2020-11-30_220733,,,
200330a,Plex50,2020-40-01_200834,,,
200330a,Plex50,2020-20-07_000806,,,
200330a,Plex50,2020-53-11_160832,,,
200330a,Plex50,2020-25-13_230818,,,
200320,CSP30,2020-26-14_090852,,,
200319,CSP30,2020-28-14_090835,,,
20200320a,CSP27,2020-00-14_100855,,,
200330a,Plex50,2020-04-14_110806,,,
200330a,Plex50,2020-48-14_170853,,,
200330a,Plex50,2020-26-15_200812,,,
200331a,CSP30,2020-23-15_210830,,,
200331,CSP30,2020-24-15_220839,,,
200331,CSP30,2020-08-16_203134,,,
20200329a,CSP27,2020-08-16_213904,,,
20200329,CSP27,2020-08-16_215410,,,
20200329,CSP27,2020-08-16_224752,,,
20200329,CSP27,2020-08-16_224958,,,
20200329,CSP27,2020-08-16_233031,,,
20200321a,CSP27,2020-08-16_234431,,,
20200402b,Plex50,2020-08-16_234907,,,
200320,Plex50,2020-08-18_214232,,,
200321,Plex50,2020-08-18_214731,,,
200323,Plex50,2020-08-18_214946,,,
200323,Plex50,2020-08-19_225125,,,
200323,Plex50,2020-08-19_230234,,,
200323,Plex50,2020-08-20_174125,,,
20200320,CSP27,2020-08-20_174325,,,
20200329,CSP27,2020-08-20_174458,,,
200318,CSP30,2020-08-20_174648,,,
200318,CSP30,2020-08-21_000832,,,
200318,CSP30,2020-08-25_221309,,,
200318,CSP30,2020-08-25_221708,,,
200318a,CSP30,2020-08-25_223555,,,
200318a,CSP30,2020-08-25_233847,,,
200318a,CSP30,2020-08-26_102648,,,
200318a,CSP30,2020-08-26_110241,,,
20200307,CSP27,2020-08-26_145940,,,
20200307,CSP27,2020-08-26_214122,,,
20200307,CSP27,2020-08-26_231309,,,
20200307,CSP27,2020-08-27_122755,,,
20200307,CSP27,2020-08-27_130514,,,
20200307,CSP27,2020-08-27_200917,,,
200330a,Plex50,2020-08-28_220506,,,
20200307,CSP27,2020-08-29_212318,,,
20200307a,CSP27,2020-08-31_225524,,,
20200308,CSP27,2020-08-31_230001,,,
20200308a,CSP27,2020-08-31_230250,,,
20200320,CSP27,2020-08-31_231032,,,
20200320a,CSP27,2020-08-31_231240,,,
20200321,CSP27,2020-08-31_231446,,,
20200321a,CSP27,2020-08-31_232730,,,
20200328,CSP27,2020-08-31_232925,,,
20200328a,CSP27,2020-08-31_233110,,,
20200329,CSP27,2020-08-31_233243,,,
20200329a,CSP27,2020-09-01_000027,,,
20200322,CSP29,2020-09-01_000451,,,
20200322a,CSP29,2020-09-01_000705,,,
20200304,CSP29,2020-09-01_094401,,,
20200305,CSP29,2020-09-01_100048,,,
20200305a,CSP29,2020-09-01_100209,,,
20200306,CSP29,2020-09-01_101532,,,
20200322,CSP29,2020-09-01_101824,,,
20200322,CSP29,2020-09-01_102833,,,
20200322a,CSP29,2020-09-01_103209,,,
20200322a,CSP29,2020-09-01_134832,,,
200301,CSP30,2020-09-01_135451,,,
200301a,CSP30,2020-09-01_135718,,,
200302,CSP30,2020-09-01_135835,,,
200316,CSP30,2020-09-01_140038,,,
200303,CSP30,2020-09-01_140622,,,
200316a,CSP30,2020-09-01_140753,,,
200316a,CSP30,2020-09-01_141421,,,
200302,CSP30,2020-09-01_142751,,,
200301a,CSP30,2020-09-01_142908,,,
200317,CSP30,2020-09-01_171339,,,
200317a,CSP30,2020-09-01_213827,,,
200317a,CSP30,2020-09-01_214140,,,
200319,CSP30,2020-09-01_214432,,,
200319,CSP30,2020-09-01_221052,,,
200319,CSP30,2020-09-01_221218,,,
200319,CSP30,2020-09-01_221642,,,
200319,CSP30,2020-09-01_222513,,,
200320,CSP30,2020-09-01_223402,,,
200331,CSP30,2020-09-01_223553,,,
200331a,CSP30,2020-09-01_223848,,,
200401,CSP30,2020-09-01_224942,,,
20200401a,CSP30,2020-09-01_225234,,,
200320,Plex50,2020-09-01_230844,,,
200321,Plex50,2020-09-01_231515,,,
200321,Plex50,2020-09-01_231728,,,
200323,Plex50,2020-09-01_232255,,,
200330,Plex50,2020-09-01_233012,,,
200401a,Plex50,2020-09-01_233556,,,
20200402b,Plex50,2020-09-01_234015,,,
200320,Plex51,2020-09-01_234448,,,
200325,Plex51,2020-09-01_234617,,,
200326,Plex51,2020-09-01_235434,,,
200401b,Plex51,2020-09-01_235842,,,
200325,Plex51,2020-09-02_110234,,,
200401a,Plex51,2020-09-02_110533,,,
200331a,Plex51,2020-09-02_113022,,,
200327a,Plex51,2020-09-02_113208,,,
200401,Plex51,2020-09-02_114143,,,
200401a,Plex51,2020-09-02_115112,,,
200401b,Plex51,2020-09-02_115456,,,
200401b,Plex51,2020-09-02_125332,,,
200402,Plex51,2020-09-02_134405,,,
200402,Plex51,2020-09-07_164908,,,
20200328,CSP27,2020-09-09_224015,,,
20200328,CSP27,2020-09-13_223516,,,
20200328,CSP27,2020-09-13_223820,,,
20200328,CSP27,2020-09-15_102434,,,
20200328,CSP27,2020-09-15_221418,,,
20200328,CSP27,2020-09-22_155631,,,
20200402a,Fez51,2020-09-22_233230,,,
20200402a,Fez51,2020-09-22_234339,,,
20200402a,Fez51,2020-09-23_130639,,,
20200402a,Fez51,2020-09-23_150147,,,
20200402a,Fez51,2020-09-23_150512,,,
20200402,Fez51,2020-09-23_152053,,,
20200402,Fez51,2020-09-23_152411,,,
20200402,Fez51,2020-09-23_153122,,,
20200402,Fez51,2020-09-23_153352,,,
20200402,Fez51,2020-09-23_154440,,,
20200307,CSP27,2020-09-23_162424,,,
20200308,CSP27,2020-09-23_162929,,,
20200308,CSP27,2020-09-23_163127,,,
20200331,Fez51,2020-09-23_163320,,,
20200331,Fez51,2020-09-23_164059,,,
20200621,Fez51,2020-09-23_164642,,,
200331,CSP30,2020-09-23_165210,,,
20200621,Fez51,2020-09-23_170818,,,
20200621,Fez51,2020-09-23_173045,,,
20200331,Fez51,2020-09-23_202509,,,
20200604,Fez61,2020-09-23_203304,,,
20200604,Fez61,2020-09-23_203709,,,
20200604,Fez61,2020-09-23_210225,,,
20200604,Fez61,2020-09-23_210722,,,
20200604,Fez61,2020-09-23_211420,,,
20200605a,Fez61,2020-09-23_235509,,,
20200605a,Fez61,2020-09-24_000440,,,
20200605a,Fez61,2020-09-24_002259,,,
20200606,Fez61,2020-09-24_084041,,,
20200605a,Fez61,2020-09-24_093859,,,
20200605,Fez61,2020-09-24_095157,,,
20200604,Fez61,2020-09-24_095419,,,
20200703,Fez59,2020-09-24_100057,,,
20200702,Fez59,2020-09-24_100619,,,
20200703,Fez59,2020-09-24_101930,,,
20200701,Fez59,2020-09-24_103004,,,
20200630,Fez59,2020-09-24_103232,,,
20200626,Fez59,2020-09-24_104208,,,
20200624,Fez59,2020-09-24_104929,,,
20200608,Fez59,2020-09-24_110418,,,
20200606,Fez59,2020-09-24_110621,,,
20200608,Fez59,2020-09-24_110855,,,
20200608,Fez59,2020-09-24_111309,,,
20200605,Fez59,2020-09-24_111612,,,
20200604a,Fez59,2020-09-24_112330,,,
20200604a,Fez59,2020-09-24_112614,,,
20200604a,Fez59,2020-09-24_113745,,,
20200716a,Fez57,2020-09-24_113952,,,
20200716,Fez57,2020-09-24_115024,,,
20200715a,Fez57,2020-09-24_115918,,,
20200715,Fez57,2020-09-24_121409,,,
20200714,Fez57,2020-09-24_125939,,,
20200714,Fez57,2020-09-24_130340,,,
20200703,Fez57,2020-09-24_130502,,,
20200702,Fez57,2020-09-24_130938,,,
20200702,Fez57,2020-09-24_131144,,,
20200701,Fez57,2020-09-24_132114,,,
20200701,Fez57,2020-09-24_133407,,,
20200630,Fez57,2020-09-24_232114,,,
20200626,Fez57,2020-09-24_233222,,,
20200624,Fez57,2020-09-24_233531,,,
20200624,Fez57,2020-09-24_233734,,,
20200606,Fez57,2020-09-24_234118,,,
20200606,Fez57,2020-09-25_103553,,,
20200605,Fez57,2020-09-25_104059,,,
20200605,Fez57,2020-09-25_104504,,,
20200604a,Fez57,2020-09-25_104922,,,
20200604,Fez57,2020-09-25_105318,,,
20200716a,Fez51,2020-09-25_110333,,,
20200716,Fez51,2020-09-25_110543,,,
20200715a,Fez51,2020-09-25_110724,,,
20200715a,Fez51,2020-09-25_141400,,,
20200715a,Fez51,2020-09-25_142351,,,
20200715a,Fez51,2020-09-25_142605,,,
20200715,Fez51,2020-09-25_143839,,,
20200714,Fez51,2020-09-25_144027,,,
20200714,Fez51,2020-09-25_144223,,,
20200703,Fez51,2020-09-25_144349,,,
20200703,Fez51,2020-09-25_145615,,,
20200630,Fez51,2020-09-25_145811,,,
20200626,Fez51,2020-09-25_152230,,,
20200626,Fez51,2020-09-25_152510,,,
20200622,Fez51,2020-09-25_152713,,,
20200621,Fez51,2020-09-26_155400,,,
20200608,Fez51,2020-09-26_155704,,,
20200607,Fez51,2020-09-26_155817,,,
20200606,Fez51,2020-09-26_160201,,,
20200606,Fez51,2020-09-26_165739,,,
20200605,Fez51,2020-09-26_194129,,,
20200402a,Fez51,2020-09-26_194903,,,
20200402a,Fez51,2020-09-26_195031,,,
20200402a,Fez51,2020-09-26_195739,,,
20200402,Fez51,2020-09-26_200125,,,
20200401a,Fez51,2020-09-26_201354,,,
20200331,Fez51,2020-09-26_202816,,,
20200331a,Fez51,2020-10-01_203551,,,
20200331a,Fez51,2020-10-01_203752,,,
20200401,Fez51,2020-10-01_204025,,,
20200401a,Fez51,2020-10-01_204240,,,
20200607,Fez51,2020-10-01_210117,,,
20200402a,Fez51,2020-10-01_210336,,,
20200331,Fez51,2020-10-11_204545,,,
200320,Plex51,2020-10-11_205954,,,
200320,Plex51,2020-10-11_210143,,,
200325,Plex51,2020-10-11_210620,,,
200325,Plex51,2020-10-11_210835,,,
200326,Plex51,2020-10-11_211019,,,
200326,Plex51,2020-10-11_214419,,,
200326,Plex51,2020-10-11_221840,,,
200327,Plex51,2020-10-11_222238,,,
200327,Plex51,2020-10-12_174417,,,
200327,Plex51,2020-10-12_174559,,,
200327a,Plex51,2020-10-12_183557,,,
200328,Plex51,2020-10-12_214704,,,
200331a,Plex51,2020-10-12_214817,,,
200401,Plex51,2020-10-12_215108,,,
200401a,Plex51,2020-10-12_215205,,,
200401b,Plex51,2020-10-12_215310,,,
200402,Plex51,2020-10-12_215431,,,
20200402b,Plex50,2020-10-12_215613,,,
200401b,Plex50,2020-10-12_220457,,,
200401a,Plex50,2020-10-12_222637,,,
200401,Plex50,2020-10-12_222800,,,
20200402,Plex50,2020-10-12_224023,,,
200402a,Plex50,2020-10-12_231228,,,
200331a,Plex50,2020-10-13_142641,,,
200331a,Plex50,2020-10-13_144304,,,
200331,Plex50,2020-10-13_144703,,,
200401a,Plex50,2020-10-13_144833,,,
200320,Plex50,2020-10-13_145524,,,
200401,Plex50,2020-10-14_204814,,,
200330a,Plex50,2020-10-14_205139,,,
200330,Plex50,2020-10-14_205426,,,
200323,Plex50,2020-10-14_205647,,,
200322,Plex50,2020-10-14_210602,,,
200321,Plex50,2020-10-14_210752,,,
200320,Plex50,2020-10-14_210843,,,
20200401a,CSP30,2020-10-14_213958,,,
200401,CSP30,2020-10-14_214101,,,
200331a,CSP30,2020-10-14_214150,,,
200331,CSP30,2020-10-14_214314,,,
200320,CSP30,2020-10-14_214959,,,
200319,CSP30,2020-10-14_220717,,,
200318a,CSP30,2020-10-14_221444,,,
200318a,CSP30,2020-10-15_212531,414,414,414
200317a,CSP30,2020-10-15_213143,288,288,315
200317,CSP30,2020-10-15_213742,486,486,486
200317a,CSP30,2020-10-15_215223,288,288,315
200316a,CSP30,2020-10-16_171820,452,452,451
200316,CSP30,2020-10-16_223117,441,441,441
200303,CSP30,2020-10-16_223230,457,457,457
200302,CSP30,2020-10-16_223515,423,423,300
200302,CSP30,2020-10-16_231159,423,423,422
200301a,CSP30,2020-10-16_231445,420,420,419
200301,CSP30,2020-10-16_231902,389,385,389
20200322a,CSP29,2020-10-16_232400,609,609,609
20200322,CSP29,2020-10-16_232803,458,458,458
20200321,CSP29,2020-10-16_232953,417,417,417
20200321a,CSP29,2020-10-16_234646,482,482,482
20200306,CSP29,2020-10-20_212435,514,513,514
20200305a,CSP29,2020-10-20_221729,516,515,516
20200305a,CSP29,2020-10-23_211058,516,515,516
20200305a,CSP29,2020-10-23_211323,516,515,516
20200305,CSP29,2020-10-23_211832,426,425,426
20200304,CSP29,2020-10-23_214121,593,593,511
20200304,CSP29,2020-10-23_214303,593,593,593
20200222a,CSP29,2020-10-23_214504,601,585,151
20200222a,CSP29,2020-10-23_215659,601,585,601
20200222,CSP29,2020-10-23_220436,460,458,308
20200329a,CSP27,2020-10-25_133150,504,504,504
20200329,CSP27,2020-10-25_133733,552,552,552
20200329,CSP27,2020-10-26_215451,552,552,552
20200328a,CSP27,2020-10-26_220613,393,393,393
20200328,CSP27,2020-10-26_220837,536,536,536
20200324,CSP27,2020-10-26_222128,568,568,568
20200321a,CSP27,2020-10-26_222958,509,509,509
20200321,CSP27,2020-10-26_223218,550,550,550
20200320a,CSP27,2020-10-26_223342,517,517,517
20200320,CSP27,2020-10-26_223840,505,505,505
20200320,CSP27,2020-10-26_225235,505,505,505
20200320,CSP27,2020-10-27_204836,505,505,505
20200308a,CSP27,2020-10-27_210745,522,519,522
20200308,CSP27,2020-10-27_210847,523,522,523
20200307a,CSP27,2020-10-27_214655,486,474,486
20200307,CSP27,2020-10-27_220135,466,453,467
20200305a,CSP29,2020-10-27_220755,516,515,516
20200322,CSP29,2020-10-29_221828,458,458,458
20200322a,CSP29,2020-10-29_221930,609,609,609
20200329,CSP27,2020-11-17_200559,552,552,552
20200329,CSP27,2020-11-17_200757,552,552,552
20200329,CSP27,2020-11-20_221349,552,552,552
20200329,CSP27,2020-11-20_221635,552,552,552
20200329,CSP27,2020-11-20_221829,552,552,552
20200329,CSP27,2020-11-24_083222,552,552,552
20200329,CSP27,2020-11-24_184828,552,552,552
20200329,CSP27,2020-11-24_185004,552,552,552
20200329,CSP27,2020-11-24_214222,552,552,552
20200329,CSP27,2020-11-26_154625,552,552,552
20200329,CSP27,2020-11-27_141627,552,552,552
20200329,CSP27,2020-12-08_142917,552,552,552
20200329,CSP27,2020-12-08_210226,552,552,552
20200329,CSP27,2020-12-08_215525,552,552,552
20200329,CSP27,2020-12-12_224922,552,552,552
20200329,CSP27,2020-12-12_225953,552,552,552
20200329,CSP27,2020-12-14_093833,552,552,552
20200329,CSP27,2020-12-14_095353,552,552,552
20200329,CSP27,2020-12-14_145259,552,552,552
20200329,CSP27,2020-12-14_145523,552,552,552
20200329,CSP27,2020-12-14_153036,552,552,552
20200329,CSP27,2020-12-14_203549,552,552,552
20200329,CSP27,2020-12-16_200038,552,552,552
20200329,CSP27,2020-12-16_213649,552,552,552
20200321,CSP29,2020-12-24_124253,417,417,417
20200321,CSP29,2020-12-24_132728,417,417,417
20200321,CSP29,2020-12-24_134012,417,417,417
20200321,CSP29,2020-12-24_181619,417,417,417
20200321,CSP29,2020-12-24_230415,417,417,417
20200321a,CSP29,2020-12-25_141419,482,482,482
20200321a,CSP29,2020-12-25_144351,482,482,482
20200321a,CSP29,2020-12-25_155041,482,482,482
20200321a,CSP29,2020-12-26_093850,482,482,482
20200321a,CSP29,2020-12-26_095011,482,482,482
20200321a,CSP29,2020-12-26_102953,482,482,482
20200321a,CSP29,2020-12-26_172921,482,482,482
20200321a,CSP29,2020-12-26_173500,482,482,482
20200321a,CSP29,2020-12-27_072247,482,482,482
20200326,CSP27,2021-01-02_161300,746,746,746
20200327a,CSP27,2021-01-02_162245,613,613,612
20200321a,CSP27,2021-01-02_164052,509,509,509
20200321a,CSP27,2021-01-02_164327,509,509,509
20200307,CSP27,2021-01-02_165427,466,453,467
20200308,CSP27,2021-01-02_165617,523,522,523
20200321a,CSP29,2021-01-02_183059,482,482,482
20200327,CSP27,2021-01-02_184617,708,708,708
20200324,CSP27,2021-01-02_214515,568,568,568
20200324,CSP27,2021-01-02_222656,568,568,568
20200325,CSP27,2021-01-03_125820,723,723,723
20200328a,CSP27,2021-01-03_145005,393,393,393
20200328a,CSP27,2021-01-03_160045,393,393,393
20200329,CSP27,2021-01-03_164928,552,552,552
20200329,CSP27,2021-01-05_163932,552,552,552
20200329,CSP27,2021-01-16_155407,552,552,552
20200329,CSP27,2021-02-06_165438,552,552,552
20200329,CSP27,2021-02-07_164118,552,552,552
200330,CSP30,2021-02-13_204421,398,398,14
200330,CSP30,2021-02-13_204857,398,398,14
200330,CSP30,2021-02-14_141902,398,398,14
200330,CSP30,2021-02-14_142141,398,398,398
200329,CSP30,2021-02-14_143018,430,430,381
200328,CSP30,2021-02-14_154013,435,435,596
200328,CSP30,2021-02-14_161423,435,435,596
200327,CSP30,2021-02-14_162749,449,448,449
200327,CSP30,2021-02-14_164555,449,448,449
200328,CSP30,2021-02-14_170325,435,435,435
200329,CSP30,2021-02-14_172450,430,430,430
200330,CSP30,2021-02-14_173534,398,398,398
200329,CSP30,2021-02-14_200904,430,430,430
200328,CSP30,2021-02-14_204513,435,435,435
200331,Plex50,2021-02-27_175543,375,375,375
20200329,CSP27,2021-02-28_143320,552,552,552
20200329,CSP27,2021-03-01_140640,552,552,552
20200329,CSP27,2021-03-29_141536,552,552,552
20200329,CSP27,2021-03-30_122209,552,552,552
20200329,CSP27,2021-04-01_103152,552,552,552
20200329,CSP27,2021-04-01_104349,552,552,552
20200329,CSP27,2021-04-01_123604,552,552,552
20200329,CSP27,2021-04-01_231639,552,552,552
20200329,CSP27,2021-04-02_112619,552,552,552
20200329,CSP27,2021-04-02_172923,552,552,552
20200329,CSP27,2021-04-02_193419,552,552,552
20200329,CSP27,2021-04-02_235606,552,552,552
20200329,CSP27,2021-04-03_113622,552,552,552
20200329,CSP27,2021-04-03_133143,552,552,552
20200329,CSP27,2021-05-08_224550,552,552,552
20200329,CSP27,2021-06-05_102130,552,552,552
20200329,CSP27,2021-06-20_132655,552,552,552
20200329,CSP27,2021-06-20_185931,552,552,552
20200329,CSP27,2021-06-21_145039,552,552,552
20200329a,CSP27,2021-06-21_205024,504,504,504
20200328a,CSP27,2021-06-21_215404,393,393,393
20200328,CSP27,2021-06-21_223607,536,536,536
20200328,CSP27,2021-06-21_225910,536,536,536
20200327a,CSP27,2021-06-21_230106,613,613,612
20200307,CSP27,2021-06-21_231920,466,453,467
20200307a,CSP27,2021-06-21_232004,486,474,486
20200308,CSP27,2021-06-21_232051,523,522,523
20200308a,CSP27,2021-06-21_232141,522,519,522
20200320,CSP27,2021-06-21_232320,505,505,505
20200320a,CSP27,2021-06-21_232702,517,517,517
20200321,CSP27,2021-06-21_233035,550,550,550
20200321a,CSP27,2021-06-21_233346,509,509,509
20200324,CSP27,2021-06-21_233705,568,568,568
20200325,CSP27,2021-06-21_234007,723,723,723
20200326,CSP27,2021-06-21_234352,746,746,746
20200327,CSP27,2021-06-21_234554,708,708,708
20200327a,CSP27,2021-06-21_234702,613,613,612
20200328,CSP27,2021-06-21_234925,536,536,536
20200328a,CSP27,2021-06-21_235057,393,393,393
20200329,CSP27,2021-06-21_235208,552,552,552
20200329a,CSP27,2021-06-21_235255,504,504,504
20200222,CSP29,2021-06-21_235424,460,458,308
20200222a,CSP29,2021-06-21_235506,601,585,601
20200304,CSP29,2021-06-21_235558,593,593,593
20200305,CSP29,2021-06-21_235639,426,425,426
20200305a,CSP29,2021-06-21_235709,516,515,516
20200306,CSP29,2021-06-21_235743,514,513,514
20200321,CSP29,2021-06-21_235827,417,417,417
20200321a,CSP29,2021-06-21_235905,482,482,482
20200322,CSP29,2021-06-22_000215,458,458,458
20200322a,CSP29,2021-06-22_000300,609,609,609
200301,CSP30,2021-06-22_000352,389,385,389
200301a,CSP30,2021-06-22_000429,420,420,419
200302,CSP30,2021-06-22_000507,423,423,422
200303,CSP30,2021-06-22_000544,457,457,457
200316,CSP30,2021-06-22_000626,441,441,441
200316a,CSP30,2021-06-22_000707,452,452,451
200317,CSP30,2021-06-22_000752,486,486,486
200317a,CSP30,2021-06-22_000835,288,288,315
200318,CSP30,2021-06-22_000906,459,458,323
200318a,CSP30,2021-06-22_000952,414,414,414
200319,CSP30,2021-06-22_001035,424,424,424
200320,CSP30,2021-06-22_001118,395,395,395
200321,CSP30,2021-06-22_001200,375,375,375
200327,CSP30,2021-06-22_001237,449,448,449
200328,CSP30,2021-06-22_001332,435,435,435
200329,CSP30,2021-06-22_001450,430,430,430
200330,CSP30,2021-06-22_001740,398,398,398
200331,CSP30,2021-06-22_001859,462,462,462
200331a,CSP30,2021-06-22_002216,408,408,408
200401,CSP30,2021-06-22_002538,300,300,300
20200401a,CSP30,2021-06-22_002820,446,445,445
200320,Plex50,2021-06-22_002901,374,366,374
200321,Plex50,2021-06-22_002940,313,297,313
200323,Plex50,2021-06-22_003043,451,444,451
200330,Plex50,2021-06-22_003130,460,460,460
200330a,Plex50,2021-06-22_003210,472,472,472
200331,Plex50,2021-06-22_003258,375,375,375
200401a,Plex50,2021-06-22_003458,527,526,527
200401b,Plex50,2021-06-22_003544,399,399,399
20200402,Plex50,2021-06-22_003849,456,455,456
200402a,Plex50,2021-06-22_003930,494,494,494
20200402b,Plex50,2021-06-22_004042,478,478,478
200320,Plex51,2021-06-22_004123,226,226,226
200325,Plex51,2021-06-22_004151,359,359,358
200326,Plex51,2021-06-22_004230,411,411,411
200327,Plex51,2021-06-22_004313,390,390,389
200327a,Plex51,2021-06-22_004350,395,395,394
200328,Plex51,2021-06-22_004429,356,356,356
200331a,Plex51,2021-06-22_004506,441,441,441
200401,Plex51,2021-06-22_004548,611,611,206
200401a,Plex51,2021-06-22_004634,488,488,488
200401b,Plex51,2021-06-22_004720,471,471,471
20200331a,Fez51,2021-06-22_005815,443,429,443
20200401,Fez51,2021-06-22_005924,461,457,461
20200401a,Fez51,2021-06-22_010007,382,382,579
20200402,Fez51,2021-06-22_010056,492,491,492
20200402a,Fez51,2021-06-22_010151,576,576,575
20200606,Fez51,2021-06-22_010522,448,435,448
20200607,Fez51,2021-06-22_010604,450,449,450
20200608,Fez51,2021-06-22_010643,375,375,253
20200621,Fez51,2021-06-22_010727,430,430,430
20200626,Fez51,2021-06-22_010910,486,486,486
20200703,Fez51,2021-06-22_011027,528,528,528
20200714,Fez51,2021-06-22_011125,581,580,581
20200715,Fez51,2021-06-22_011209,498,498,497
20200715a,Fez51,2021-06-22_011304,593,591,593
20200716,Fez51,2021-06-22_011348,464,464,464
20200716a,Fez51,2021-06-22_011430,394,394,394
20200604,Fez57,2021-06-22_011510,650,650,650
20200604a,Fez57,2021-06-22_011809,448,446,448
20200605,Fez57,2021-06-22_011858,517,506,517
20200606,Fez57,2021-06-22_011952,448,436,450
20200607,Fez57,2021-06-22_012037,384,383,395
20200624,Fez57,2021-06-22_012117,470,465,469
20200630,Fez57,2021-06-22_012255,470,468,470
20200701,Fez57,2021-06-22_012332,484,484,484
20200702,Fez57,2021-06-22_012429,446,442,446
20200703,Fez57,2021-06-22_012528,541,541,541
20200714,Fez57,2021-06-22_012644,473,473,473
20200715,Fez57,2021-06-22_012732,537,537,537
20200715a,Fez57,2021-06-22_012823,458,458,458
20200716,Fez57,2021-06-22_012925,555,555,555
20200716a,Fez57,2021-06-22_013217,423,420,424
20200604,Fez59,2021-06-22_013302,643,641,405
20200604a,Fez59,2021-06-22_013421,405,405,405
20200606,Fez59,2021-06-22_013612,675,673,675
20200608,Fez59,2021-06-22_013738,412,386,412
20200624,Fez59,2021-06-22_013826,475,475,482
20200626,Fez59,2021-06-22_013926,432,431,482
20200630,Fez59,2021-06-22_014001,604,604,604
20200701,Fez59,2021-06-22_014253,512,512,501
20200702,Fez59,2021-06-22_014358,486,485,500
20200703,Fez59,2021-06-22_014451,688,683,687
20200604,Fez61,2021-06-22_014618,600,600,600
20200605a,Fez61,2021-06-22_014958,528,528,528
20200606,Fez61,2021-06-22_015244,587,587,587
20200307,CSP27,2021-06-22_085536,466,453,467
20200307a,CSP27,2021-06-22_142224,486,474,486
20200320,CSP27,2021-06-22_143955,505,505,505
20200307,CSP27,2021-06-22_145554,466,453,467
20200307,CSP27,2021-06-22_153307,466,453,467
20200329,CSP27,2021-07-06_202719,552,552,552
20200329,CSP27,2021-07-06_204513,552,552,552
20200329a,CSP27,2021-07-06_215711,504,504,504
20200329,CSP27,2021-07-07_230201,552,552,552
20200327a,CSP27,2021-07-08_140948,613,613,612
20200327,CSP27,2021-07-08_233349,708,708,708
20200307,CSP27,2021-07-09_003224,466,453,467
20200307a,CSP27,2021-07-09_003311,486,474,486
20200308,CSP27,2021-07-09_003401,523,522,523
20200308a,CSP27,2021-07-09_003455,522,519,522
20200320,CSP27,2021-07-09_003714,505,505,505
20200320a,CSP27,2021-07-09_003854,517,517,517
20200321,CSP27,2021-07-09_004037,550,550,550
20200321a,CSP27,2021-07-09_004214,509,509,509
20200324,CSP27,2021-07-09_004412,568,568,568
20200325,CSP27,2021-07-09_004557,723,723,723
20200326,CSP27,2021-07-09_004833,746,746,746
20200327,CSP27,2021-07-09_005212,708,708,708
20200328,CSP27,2021-07-09_005840,536,536,536
20200328a,CSP27,2021-07-09_010047,393,393,393
20200329,CSP27,2021-07-09_010219,552,552,552
20200329a,CSP27,2021-07-09_010407,504,504,504
20200222,CSP29,2021-07-09_010602,460,458,308
20200222a,CSP29,2021-07-09_010711,601,585,601
20200304,CSP29,2021-07-09_011034,593,593,593
20200305,CSP29,2021-07-09_011216,426,425,426
20200305a,CSP29,2021-07-09_011337,516,515,516
20200306,CSP29,2021-07-09_011414,514,513,514
20200321,CSP29,2021-07-09_011507,417,417,417
20200321a,CSP29,2021-07-09_011647,482,482,482
20200322,CSP29,2021-07-09_011821,458,458,458
20200322a,CSP29,2021-07-09_011907,609,609,609
200301,CSP30,2021-07-09_012002,389,385,389
200301a,CSP30,2021-07-09_012044,420,420,419
200302,CSP30,2021-07-09_012125,423,423,422
200303,CSP30,2021-07-09_012207,457,457,457
200316,CSP30,2021-07-09_012254,441,441,441
200316a,CSP30,2021-07-09_012338,452,452,451
200317,CSP30,2021-07-09_012540,486,486,486
200317a,CSP30,2021-07-09_012631,288,288,315
200318,CSP30,2021-07-09_012706,459,458,323
200318a,CSP30,2021-07-09_012759,414,414,414
200319,CSP30,2021-07-09_012846,424,424,424
200320,CSP30,2021-07-09_012932,395,395,395
200321,CSP30,2021-07-09_013117,375,375,375
200327,CSP30,2021-07-09_013158,449,448,449
200328,CSP30,2021-07-09_013301,435,435,435
200329,CSP30,2021-07-09_013424,430,430,430
200330,CSP30,2021-07-09_013554,398,398,398
200331,CSP30,2021-07-09_013805,462,462,462
200331a,CSP30,2021-07-09_013945,408,408,408
200401,CSP30,2021-07-09_014122,300,300,300
20200401a,CSP30,2021-07-09_014240,446,445,445
200320,Plex50,2021-07-09_014417,374,366,374
200321,Plex50,2021-07-09_014500,313,297,313
200323,Plex50,2021-07-09_014805,451,444,451
200330,Plex50,2021-07-09_014855,460,460,460
200330a,Plex50,2021-07-09_015034,472,472,472
200331,Plex50,2021-07-09_015224,375,375,375
200401a,Plex50,2021-07-09_015434,527,526,527
200401b,Plex50,2021-07-09_015522,399,399,399
20200402,Plex50,2021-07-09_015655,456,455,456
200402a,Plex50,2021-07-09_015829,494,494,494
20200402b,Plex50,2021-07-09_020029,478,478,478
200320,Plex51,2021-07-09_020153,226,226,226
200325,Plex51,2021-07-09_020223,359,359,358
200326,Plex51,2021-07-09_020302,411,411,411
200327,Plex51,2021-07-09_020436,390,390,389
200327a,Plex51,2021-07-09_020557,395,395,394
200328,Plex51,2021-07-09_020637,356,356,356
200331a,Plex51,2021-07-09_020717,441,441,441
200401,Plex51,2021-07-09_020800,611,611,206
200401a,Plex51,2021-07-09_020930,488,488,488
200401b,Plex51,2021-07-09_021017,471,471,471
20200331a,Fez51,2021-07-09_022234,443,429,443
20200401,Fez51,2021-07-09_022350,461,457,461
20200401a,Fez51,2021-07-09_022439,382,382,579
20200402,Fez51,2021-07-09_022537,492,491,492
20200402a,Fez51,2021-07-09_022725,576,576,575
20200606,Fez51,2021-07-09_023047,448,435,448
20200607,Fez51,2021-07-09_023130,450,449,450
20200608,Fez51,2021-07-09_023302,375,375,253
20200621,Fez51,2021-07-09_023347,430,430,430
20200626,Fez51,2021-07-09_023619,486,486,486
20200703,Fez51,2021-07-09_023745,528,528,528
20200714,Fez51,2021-07-09_023938,581,580,581
20200715,Fez51,2021-07-09_024024,498,498,497
20200715a,Fez51,2021-07-09_024124,593,591,593
20200716,Fez51,2021-07-09_024217,464,464,464
20200716a,Fez51,2021-07-09_024352,394,394,394
20200604,Fez57,2021-07-09_024434,650,650,650
20200604a,Fez57,2021-07-09_024647,448,446,448
20200605,Fez57,2021-07-09_024739,517,506,517
20200606,Fez57,2021-07-09_024840,448,436,450
20200607,Fez57,2021-07-09_024930,384,383,395
20200624,Fez57,2021-07-09_025019,470,465,469
20200630,Fez57,2021-07-09_025210,470,468,470
20200701,Fez57,2021-07-09_025250,484,484,484
20200702,Fez57,2021-07-09_025352,446,442,446
20200703,Fez57,2021-07-09_025455,541,541,541
20200714,Fez57,2021-07-09_025646,473,473,473
20200715,Fez57,2021-07-09_025834,537,537,537
20200715a,Fez57,2021-07-09_030016,458,458,458
20200716,Fez57,2021-07-09_030219,555,555,555
20200716a,Fez57,2021-07-09_030407,423,420,424
20200604,Fez59,2021-07-09_030454,643,641,405
20200604a,Fez59,2021-07-09_030618,405,405,405
20200606,Fez59,2021-07-09_030815,675,673,675
20200608,Fez59,2021-07-09_030947,412,386,412
20200624,Fez59,2021-07-09_031046,475,475,482
20200626,Fez59,2021-07-09_031150,432,431,482
20200630,Fez59,2021-07-09_031228,604,604,604
20200701,Fez59,2021-07-09_031415,512,512,501
20200702,Fez59,2021-07-09_031523,486,485,500
20200703,Fez59,2021-07-09_031619,688,683,687
20200604,Fez61,2021-07-09_031835,600,600,600
20200605a,Fez61,2021-07-09_032124,528,528,528
20200606,Fez61,2021-07-09_032307,587,587,587
20200307,CSP27,2021-07-09_083956,466,453,467
20200307,CSP27,2021-07-09_091210,466,453,467
20200307,CSP27,2021-07-09_092347,466,453,467
20200307a,CSP27,2021-07-09_095437,486,474,486
20200307a,CSP27,2021-07-09_105649,486,474,486
20200308,CSP27,2021-07-09_110439,523,522,523
20200320,CSP27,2021-07-09_111105,505,505,505
20200326,CSP27,2021-07-09_113905,746,746,746
20200222,CSP29,2021-07-09_114723,460,458,308
20200222a,CSP29,2021-07-09_114838,601,585,601
20200222,CSP29,2021-07-09_115057,460,458,308
20200222a,CSP29,2021-07-09_115325,601,585,601
20200304,CSP29,2021-07-09_115531,593,593,593
20200305,CSP29,2021-07-09_115730,426,425,426
20200305a,CSP29,2021-07-09_115910,516,515,516
20200306,CSP29,2021-07-09_120049,514,513,514
20200321,CSP29,2021-07-09_120138,417,417,417
20200321a,CSP29,2021-07-09_120648,482,482,482
20200321a,CSP29,2021-07-09_121141,482,482,482
20200322,CSP29,2021-07-09_121516,458,458,458
20200322a,CSP29,2021-07-09_121630,609,609,609
200301,CSP30,2021-07-09_121748,389,385,389
200301a,CSP30,2021-07-09_121843,420,420,419
200302,CSP30,2021-07-09_121940,423,423,422
200303,CSP30,2021-07-09_122107,457,457,457
200316,CSP30,2021-07-09_122215,441,441,441
200316a,CSP30,2021-07-09_122310,452,452,451
200317,CSP30,2021-07-09_122410,486,486,486
200317a,CSP30,2021-07-09_122507,288,288,315
200318,CSP30,2021-07-09_122545,459,458,323
200318a,CSP30,2021-07-09_122651,414,414,414
200319,CSP30,2021-07-09_122847,424,424,424
200320,CSP30,2021-07-09_122950,395,395,395
200321,CSP30,2021-07-09_123146,375,375,375
200327,CSP30,2021-07-09_123228,449,448,449
200328,CSP30,2021-07-09_123330,435,435,435
200329,CSP30,2021-07-09_123458,430,430,430
200330,CSP30,2021-07-09_123653,398,398,398
200331,CSP30,2021-07-09_123935,462,462,462
200331a,CSP30,2021-07-09_124138,408,408,408
200401,CSP30,2021-07-09_124339,300,300,300
20200401a,CSP30,2021-07-09_124515,446,445,445
200320,Plex50,2021-07-09_124720,374,366,374
200321,Plex50,2021-07-09_124807,313,297,313
200323,Plex50,2021-07-09_124926,451,444,451
200330,Plex50,2021-07-09_125143,460,460,460
200330a,Plex50,2021-07-09_125334,472,472,472
200331,Plex50,2021-07-09_125554,375,375,375
200401a,Plex50,2021-07-09_125818,527,526,527
200401b,Plex50,2021-07-09_130023,399,399,399
20200402,Plex50,2021-07-09_130223,456,455,456
200402a,Plex50,2021-07-09_130419,494,494,494
20200402b,Plex50,2021-07-09_130707,478,478,478
200320,Plex51,2021-07-09_130856,226,226,226
200325,Plex51,2021-07-09_130928,359,359,358
200326,Plex51,2021-07-09_131011,411,411,411
200327,Plex51,2021-07-09_131200,390,390,389
200327a,Plex51,2021-07-09_131341,395,395,394
200328,Plex51,2021-07-09_131424,356,356,356
200331a,Plex51,2021-07-09_131504,441,441,441
200401,Plex51,2021-07-09_131555,611,611,206
200401a,Plex51,2021-07-09_131753,488,488,488
200401b,Plex51,2021-07-09_131850,471,471,471
20200331a,Fez51,2021-07-09_133218,443,429,443
20200401,Fez51,2021-07-09_133458,461,457,461
20200401a,Fez51,2021-07-09_133648,382,382,579
20200402,Fez51,2021-07-09_133845,492,491,492
20200402a,Fez51,2021-07-09_134054,576,576,575
20200606,Fez51,2021-07-09_134346,448,435,448
20200607,Fez51,2021-07-09_134528,450,449,450
20200608,Fez51,2021-07-09_134708,375,375,253
20200621,Fez51,2021-07-09_134759,430,430,430
20200626,Fez51,2021-07-09_135051,486,486,486
20200703,Fez51,2021-07-09_135225,528,528,528
20200714,Fez51,2021-07-09_135433,581,580,581
20200715,Fez51,2021-07-09_135520,498,498,497
20200715a,Fez51,2021-07-09_135619,593,591,593
20200716,Fez51,2021-07-09_135824,464,464,464
20200716a,Fez51,2021-07-09_140039,394,394,394
20200604,Fez57,2021-07-09_140123,650,650,650
20200604a,Fez57,2021-07-09_140346,448,446,448
20200605,Fez57,2021-07-09_140550,517,506,517
20200703,Fez59,2021-07-09_153856,688,683,687
20200703,Fez57,2021-07-09_162211,541,541,541
20200703,Fez57,2021-07-09_200641,541,541,541
20200606,Fez57,2021-07-09_201507,448,436,450
20200607,Fez57,2021-07-09_201628,384,383,395
20200624,Fez57,2021-07-09_201750,470,465,469
20200630,Fez57,2021-07-09_202009,470,468,470
20200701,Fez57,2021-07-09_202155,484,484,484
20200702,Fez57,2021-07-09_202330,446,442,446
20200703,Fez57,2021-07-09_202529,541,541,541
20200714,Fez57,2021-07-09_202744,473,473,473
20200715,Fez57,2021-07-09_202908,537,537,537
20200715a,Fez57,2021-07-09_203100,458,458,458
20200715a,Fez57,2021-07-09_204019,458,458,458
20200606,Fez57,2021-07-09_211705,448,436,450
20200607,Fez57,2021-07-09_211848,384,383,395
20200624,Fez57,2021-07-09_212026,470,465,469
20200630,Fez57,2021-07-09_212303,470,468,470
20200701,Fez57,2021-07-09_212443,484,484,484
20200702,Fez57,2021-07-09_212636,446,442,446
20200703,Fez57,2021-07-09_212836,541,541,541
20200714,Fez57,2021-07-09_213052,473,473,473
20200715,Fez57,2021-07-09_213235,537,537,537
20200715a,Fez57,2021-07-09_213422,458,458,458
20200604,Fez59,2021-07-09_214437,643,641,405
20200604a,Fez59,2021-07-09_214557,405,405,405
20200606,Fez59,2021-07-09_214751,675,673,675
20200608,Fez59,2021-07-09_215033,412,386,412
20200624,Fez59,2021-07-09_215228,475,475,482
20200626,Fez59,2021-07-09_215329,432,431,482
20200630,Fez59,2021-07-09_215405,604,604,604
20200701,Fez59,2021-07-09_215600,512,512,501
20200702,Fez59,2021-07-09_215708,486,485,500
20200703,Fez59,2021-07-09_215902,688,683,687
20200331a,Fez51,2021-07-09_222110,443,429,443
20200401,Fez51,2021-07-09_222324,461,457,461
20200401a,Fez51,2021-07-09_222505,382,382,579
20200402,Fez51,2021-07-09_222658,492,491,492
20200402a,Fez51,2021-07-09_222900,576,576,575
20200606,Fez51,2021-07-09_223136,448,435,448
20200607,Fez51,2021-07-09_223312,450,449,450
20200608,Fez51,2021-07-09_223443,375,375,253
20200621,Fez51,2021-07-09_223526,430,430,430
20200626,Fez51,2021-07-09_223817,486,486,486
20200703,Fez51,2021-07-09_224036,528,528,528
20200714,Fez51,2021-07-09_224237,581,580,581
20200715,Fez51,2021-07-09_224415,498,498,497
20200715a,Fez51,2021-07-09_224607,593,591,593
20200716,Fez51,2021-07-09_224754,464,464,464
20200716a,Fez51,2021-07-09_224932,394,394,394
20200715a,Fez57,2021-07-10_001820,458,458,458
20200307,CSP27,2021-07-10_002823,466,453,467
20200307a,CSP27,2021-07-10_003016,486,474,486
20200308,CSP27,2021-07-10_003209,523,522,523
20200308a,CSP27,2021-07-10_003406,522,519,522
20200320,CSP27,2021-07-10_003655,505,505,505
20200320a,CSP27,2021-07-10_003846,517,517,517
20200321,CSP27,2021-07-10_004048,550,550,550
20200321a,CSP27,2021-07-10_004242,509,509,509
20200324,CSP27,2021-07-10_004451,568,568,568
20200325,CSP27,2021-07-10_004638,723,723,723
20200326,CSP27,2021-07-10_004921,746,746,746
20200327,CSP27,2021-07-10_005245,708,708,708
20200327a,CSP27,2021-07-10_005456,613,613,612
20200328,CSP27,2021-07-10_005850,536,536,536
20200328a,CSP27,2021-07-10_010049,393,393,393
20200329,CSP27,2021-07-10_010228,552,552,552
20200329a,CSP27,2021-07-10_010427,504,504,504
20200222,CSP29,2021-07-10_010622,460,458,308
20200222a,CSP29,2021-07-10_010803,601,585,601
20200304,CSP29,2021-07-10_011002,593,593,593
20200305,CSP29,2021-07-10_011145,426,425,426
20200305a,CSP29,2021-07-10_011311,516,515,516
20200306,CSP29,2021-07-10_011440,514,513,514
20200321,CSP29,2021-07-10_011527,417,417,417
20200321a,CSP29,2021-07-10_011703,482,482,482
20200322,CSP29,2021-07-10_011845,458,458,458
20200322a,CSP29,2021-07-10_011930,609,609,609
200301,CSP30,2021-07-10_012121,389,385,389
200301a,CSP30,2021-07-10_012300,420,420,419
200302,CSP30,2021-07-10_012338,423,423,422
200303,CSP30,2021-07-10_012415,457,457,457
200316,CSP30,2021-07-10_012601,441,441,441
200316a,CSP30,2021-07-10_012738,452,452,451
200317,CSP30,2021-07-10_012824,486,486,486
200317a,CSP30,2021-07-10_013012,288,288,315
200318,CSP30,2021-07-10_013044,459,458,323
200318a,CSP30,2021-07-10_013229,414,414,414
200319,CSP30,2021-07-10_013313,424,424,424
200320,CSP30,2021-07-10_013457,395,395,395
200321,CSP30,2021-07-10_013651,375,375,375
200327,CSP30,2021-07-10_013829,449,448,449
200328,CSP30,2021-07-10_014017,435,435,435
200329,CSP30,2021-07-10_014242,430,430,430
200330,CSP30,2021-07-10_014419,398,398,398
200331,CSP30,2021-07-10_014648,462,462,462
200331a,CSP30,2021-07-10_014839,408,408,408
200401,CSP30,2021-07-10_015029,300,300,300
20200401a,CSP30,2021-07-10_015156,446,445,445
200320,Plex50,2021-07-10_015340,374,366,374
200321,Plex50,2021-07-10_015522,313,297,313
200323,Plex50,2021-07-10_015631,451,444,451
200330,Plex50,2021-07-10_015828,460,460,460
200330a,Plex50,2021-07-10_020009,472,472,472
200331,Plex50,2021-07-10_020202,375,375,375
200401a,Plex50,2021-07-10_020505,527,526,527
200401b,Plex50,2021-07-10_020700,399,399,399
20200402,Plex50,2021-07-10_020852,456,455,456
200402a,Plex50,2021-07-10_021032,494,494,494
20200402b,Plex50,2021-07-10_021247,478,478,478
200320,Plex51,2021-07-10_021430,226,226,226
200325,Plex51,2021-07-10_021459,359,359,358
200326,Plex51,2021-07-10_021631,411,411,411
200327,Plex51,2021-07-10_021814,390,390,389
200327a,Plex51,2021-07-10_021951,395,395,394
200328,Plex51,2021-07-10_022131,356,356,356
200331a,Plex51,2021-07-10_022300,441,441,441
200401,Plex51,2021-07-10_022438,611,611,206
200401a,Plex51,2021-07-10_022525,488,488,488
200401b,Plex51,2021-07-10_022712,471,471,471
20200331a,Fez51,2021-07-10_023928,443,429,443
20200401,Fez51,2021-07-10_024138,461,457,461
20200401a,Fez51,2021-07-10_024317,382,382,579
20200402,Fez51,2021-07-10_024505,492,491,492
20200402a,Fez51,2021-07-10_024702,576,576,575
20200606,Fez51,2021-07-10_024934,448,435,448
20200607,Fez51,2021-07-10_025105,450,449,450
20200608,Fez51,2021-07-10_025232,375,375,253
20200621,Fez51,2021-07-10_025316,430,430,430
20200626,Fez51,2021-07-10_025554,486,486,486
20200703,Fez51,2021-07-10_025807,528,528,528
20200714,Fez51,2021-07-10_030001,581,580,581
20200715,Fez51,2021-07-10_030138,498,498,497
20200715a,Fez51,2021-07-10_030327,593,591,593
20200716,Fez51,2021-07-10_030510,464,464,464
20200716a,Fez51,2021-07-10_030646,394,394,394
20200604,Fez57,2021-07-10_030818,650,650,650
20200604a,Fez57,2021-07-10_031014,448,446,448
20200605,Fez57,2021-07-10_031200,517,506,517
20200606,Fez57,2021-07-10_031354,448,436,450
20200607,Fez57,2021-07-10_031530,384,383,395
20200624,Fez57,2021-07-10_031707,470,465,469
20200630,Fez57,2021-07-10_031943,470,468,470
20200701,Fez57,2021-07-10_032122,484,484,484
20200702,Fez57,2021-07-10_032313,446,442,446
20200703,Fez57,2021-07-10_032511,541,541,541
20200714,Fez57,2021-07-10_032726,473,473,473
20200715,Fez57,2021-07-10_032908,537,537,537
20200715a,Fez57,2021-07-10_033055,458,458,458
20200716,Fez57,2021-07-10_033257,555,555,555
20200716a,Fez57,2021-07-10_033453,423,420,424
20200604,Fez59,2021-07-10_033629,643,641,405
20200604a,Fez59,2021-07-10_033749,405,405,405
20200606,Fez59,2021-07-10_033943,675,673,675
20200608,Fez59,2021-07-10_034225,412,386,412
20200624,Fez59,2021-07-10_034418,475,475,482
20200626,Fez59,2021-07-10_034520,432,431,482
20200630,Fez59,2021-07-10_034556,604,604,604
20200701,Fez59,2021-07-10_034750,512,512,501
20200702,Fez59,2021-07-10_034857,486,485,500
20200703,Fez59,2021-07-10_035046,688,683,687
20200604,Fez61,2021-07-10_035325,600,600,600
20200605a,Fez61,2021-07-10_035609,528,528,528
20200606,Fez61,2021-07-10_035758,587,587,587
20200307,CSP27,2021-07-10_103446,466,453,467
20200307a,CSP27,2021-07-10_103712,486,474,486
20200308,CSP27,2021-07-10_103902,523,522,523
20200308a,CSP27,2021-07-10_104102,522,519,522
20200320,CSP27,2021-07-10_104347,505,505,505
20200320a,CSP27,2021-07-10_104542,517,517,517
20200321,CSP27,2021-07-10_104740,550,550,550
20200321a,CSP27,2021-07-10_104933,509,509,509
20200324,CSP27,2021-07-10_105141,568,568,568
20200325,CSP27,2021-07-10_105328,723,723,723
20200326,CSP27,2021-07-10_105607,746,746,746
20200327,CSP27,2021-07-10_105929,708,708,708
20200327a,CSP27,2021-07-10_110140,613,613,612
20200328,CSP27,2021-07-10_110532,536,536,536
20200328a,CSP27,2021-07-10_110729,393,393,393
20200329,CSP27,2021-07-10_110908,552,552,552
20200329a,CSP27,2021-07-10_111105,504,504,504
20200222,CSP29,2021-07-10_111257,460,458,308
20200222a,CSP29,2021-07-10_111440,601,585,601
20200304,CSP29,2021-07-10_111638,593,593,593
20200305,CSP29,2021-07-10_111820,426,425,426
20200305a,CSP29,2021-07-10_111944,516,515,516
20200306,CSP29,2021-07-10_112113,514,513,514
20200321,CSP29,2021-07-10_112200,417,417,417
20200321a,CSP29,2021-07-10_112334,482,482,482
20200322,CSP29,2021-07-10_112515,458,458,458
20200322a,CSP29,2021-07-10_112600,609,609,609
200301,CSP30,2021-07-10_112750,389,385,389
200301a,CSP30,2021-07-10_112928,420,420,419
200302,CSP30,2021-07-10_113006,423,423,422
200303,CSP30,2021-07-10_113043,457,457,457
200316,CSP30,2021-07-10_113228,441,441,441
200316a,CSP30,2021-07-10_113403,452,452,451
200317,CSP30,2021-07-10_113449,486,486,486
200317a,CSP30,2021-07-10_113635,288,288,315
200318,CSP30,2021-07-10_113708,459,458,323
200318a,CSP30,2021-07-10_113852,414,414,414
200319,CSP30,2021-07-10_113936,424,424,424
200320,CSP30,2021-07-10_114118,395,395,395
200321,CSP30,2021-07-10_114311,375,375,375
200327,CSP30,2021-07-10_114449,449,448,449
200328,CSP30,2021-07-10_114635,435,435,435
200329,CSP30,2021-07-10_114858,430,430,430
200330,CSP30,2021-07-10_115034,398,398,398
200331,CSP30,2021-07-10_115301,462,462,462
200331a,CSP30,2021-07-10_115450,408,408,408
200401,CSP30,2021-07-10_115638,300,300,300
20200401a,CSP30,2021-07-10_115804,446,445,445
200320,Plex50,2021-07-10_115950,374,366,374
200321,Plex50,2021-07-10_120133,313,297,313
200323,Plex50,2021-07-10_120239,451,444,451
200330,Plex50,2021-07-10_120433,460,460,460
200330a,Plex50,2021-07-10_120613,472,472,472
200331,Plex50,2021-07-10_120807,375,375,375
200401a,Plex50,2021-07-10_121108,527,526,527
200401b,Plex50,2021-07-10_121300,399,399,399
20200402,Plex50,2021-07-10_121451,456,455,456
200402a,Plex50,2021-07-10_121630,494,494,494
20200402b,Plex50,2021-07-10_121844,478,478,478
200320,Plex51,2021-07-10_122025,226,226,226
200325,Plex51,2021-07-10_122054,359,359,358
200326,Plex51,2021-07-10_122226,411,411,411
200327,Plex51,2021-07-10_122406,390,390,389
200327a,Plex51,2021-07-10_122542,395,395,394
200328,Plex51,2021-07-10_122720,356,356,356
200331a,Plex51,2021-07-10_122848,441,441,441
200401,Plex51,2021-07-10_123026,611,611,206
200401a,Plex51,2021-07-10_123114,488,488,488
200401b,Plex51,2021-07-10_123300,471,471,471
20200331a,Fez51,2021-07-10_124515,443,429,443
20200401,Fez51,2021-07-10_124730,461,457,461
20200401a,Fez51,2021-07-10_124915,382,382,579
20200402,Fez51,2021-07-10_125109,492,491,492
20200402a,Fez51,2021-07-10_125312,576,576,575
20200606,Fez51,2021-07-10_125551,448,435,448
20200607,Fez51,2021-07-10_125728,450,449,450
20200608,Fez51,2021-07-10_125901,375,375,253
20200621,Fez51,2021-07-10_125944,430,430,430
20200626,Fez51,2021-07-10_130226,486,486,486
20200703,Fez51,2021-07-10_130445,528,528,528
20200714,Fez51,2021-07-10_130647,581,580,581
20200715,Fez51,2021-07-10_130829,498,498,497
20200715a,Fez51,2021-07-10_131023,593,591,593
20200716,Fez51,2021-07-10_131213,464,464,464
20200716a,Fez51,2021-07-10_131355,394,394,394
20200604,Fez57,2021-07-10_131531,650,650,650
20200604a,Fez57,2021-07-10_131733,448,446,448
20200605,Fez57,2021-07-10_131924,517,506,517
20200606,Fez57,2021-07-10_132124,448,436,450
20200607,Fez57,2021-07-10_132305,384,383,395
20200624,Fez57,2021-07-10_132448,470,465,469
20200630,Fez57,2021-07-10_132727,470,468,470
20200701,Fez57,2021-07-10_132911,484,484,484
20200702,Fez57,2021-07-10_133108,446,442,446
20200703,Fez57,2021-07-10_133311,541,541,541
20200714,Fez57,2021-07-10_133531,473,473,473
20200715,Fez57,2021-07-10_133716,537,537,537
20200715a,Fez57,2021-07-10_133908,458,458,458
20200716,Fez57,2021-07-10_134112,555,555,555
20200716a,Fez57,2021-07-10_134306,423,420,424
20200604,Fez59,2021-07-10_134442,643,641,405
20200604a,Fez59,2021-07-10_134602,405,405,405
20200606,Fez59,2021-07-10_134755,675,673,675
20200608,Fez59,2021-07-10_135033,412,386,412
20200624,Fez59,2021-07-10_135225,475,475,482
20200626,Fez59,2021-07-10_135328,432,431,482
20200630,Fez59,2021-07-10_135404,604,604,604
20200701,Fez59,2021-07-10_135556,512,512,501
20200702,Fez59,2021-07-10_135703,486,485,500
20200703,Fez59,2021-07-10_135850,688,683,687
20200604,Fez61,2021-07-10_140127,600,600,600
20200605a,Fez61,2021-07-10_140409,528,528,528
20200606,Fez61,2021-07-10_140556,587,587,587
20200715a,Fez57,2021-07-10_190350,458,458,458
20200307,CSP27,2021-07-11_002048,466,453,467
20200715a,Fez57,2021-07-11_002403,458,458,458
20200307,CSP27,2021-07-11_002912,466,453,467
20200307a,CSP27,2021-07-11_003103,486,474,486
20200308,CSP27,2021-07-11_003250,523,522,523
20200308a,CSP27,2021-07-11_003454,522,519,522
20200320,CSP27,2021-07-11_003740,505,505,505
20200320a,CSP27,2021-07-11_003932,517,517,517
20200321,CSP27,2021-07-11_004130,550,550,550
20200321a,CSP27,2021-07-11_004325,509,509,509
20200324,CSP27,2021-07-11_004534,568,568,568
20200325,CSP27,2021-07-11_004721,723,723,723
20200326,CSP27,2021-07-11_004959,746,746,746
20200327,CSP27,2021-07-11_005320,708,708,708
20200327a,CSP27,2021-07-11_005530,613,613,612
20200328,CSP27,2021-07-11_005921,536,536,536
20200328a,CSP27,2021-07-11_010119,393,393,393
20200329,CSP27,2021-07-11_010257,552,552,552
20200329a,CSP27,2021-07-11_010454,504,504,504
20200222,CSP29,2021-07-11_010649,460,458,308
20200222a,CSP29,2021-07-11_010829,601,585,601
20200304,CSP29,2021-07-11_011027,593,593,593
20200305,CSP29,2021-07-11_011208,426,425,426
20200305a,CSP29,2021-07-11_011332,516,515,516
20200306,CSP29,2021-07-11_011502,514,513,514
20200321,CSP29,2021-07-11_011649,417,417,417
20200321a,CSP29,2021-07-11_011824,482,482,482
20200322,CSP29,2021-07-11_012007,458,458,458
20200322a,CSP29,2021-07-11_012051,609,609,609
200301,CSP30,2021-07-11_012242,389,385,389
200301a,CSP30,2021-07-11_012416,420,420,419
200302,CSP30,2021-07-11_012454,423,423,422
200303,CSP30,2021-07-11_012530,457,457,457
200316,CSP30,2021-07-11_012715,441,441,441
200316a,CSP30,2021-07-11_012850,452,452,451
200317,CSP30,2021-07-11_012936,486,486,486
200317a,CSP30,2021-07-11_013125,288,288,315
200318,CSP30,2021-07-11_013158,459,458,323
200318a,CSP30,2021-07-11_013342,414,414,414
200319,CSP30,2021-07-11_013426,424,424,424
200320,CSP30,2021-07-11_013608,395,395,395
200321,CSP30,2021-07-11_013757,375,375,375
200327,CSP30,2021-07-11_013931,449,448,449
200328,CSP30,2021-07-11_014029,435,435,435
200329,CSP30,2021-07-11_014252,430,430,430
200330,CSP30,2021-07-11_014428,398,398,398
200331,CSP30,2021-07-11_014653,462,462,462
200331a,CSP30,2021-07-11_014841,408,408,408
200401,CSP30,2021-07-11_015030,300,300,300
20200401a,CSP30,2021-07-11_015154,446,445,445
200320,Plex50,2021-07-11_015348,374,366,374
200321,Plex50,2021-07-11_015525,313,297,313
200323,Plex50,2021-07-11_015632,451,444,451
200330,Plex50,2021-07-11_015826,460,460,460
200330a,Plex50,2021-07-11_020005,472,472,472
200331,Plex50,2021-07-11_020155,375,375,375
200401a,Plex50,2021-07-11_020453,527,526,527
200401b,Plex50,2021-07-11_020649,399,399,399
20200402,Plex50,2021-07-11_020837,456,455,456
200402a,Plex50,2021-07-11_021016,494,494,494
20200402b,Plex50,2021-07-11_021228,478,478,478
200320,Plex51,2021-07-11_021408,226,226,226
200325,Plex51,2021-07-11_021437,359,359,358
200326,Plex51,2021-07-11_021609,411,411,411
200327,Plex51,2021-07-11_021750,390,390,389
200327a,Plex51,2021-07-11_021923,395,395,394
200328,Plex51,2021-07-11_022056,356,356,356
200331a,Plex51,2021-07-11_022134,441,441,441
200401,Plex51,2021-07-11_022310,611,611,206
200401a,Plex51,2021-07-11_022445,488,488,488
200401b,Plex51,2021-07-11_022628,471,471,471
20200331a,Fez51,2021-07-11_023845,443,429,443
200318a,CSP30,2021-07-14_132621,414,414,414
200318a,CSP30,2021-07-14_230652,414,414,414
200317a,CSP30,2021-07-14_234521,288,288,315
20200307,CSP27,2021-07-15_002240,466,453,467
20200307a,CSP27,2021-07-15_002434,486,474,486
20200308,CSP27,2021-07-15_002631,523,522,523
20200308a,CSP27,2021-07-15_002844,522,519,522
20200320,CSP27,2021-07-15_003136,505,505,505
20200320a,CSP27,2021-07-15_003334,517,517,517
20200321,CSP27,2021-07-15_003542,550,550,550
20200321a,CSP27,2021-07-15_003742,509,509,509
20200324,CSP27,2021-07-15_003957,568,568,568
20200325,CSP27,2021-07-15_004150,723,723,723
20200326,CSP27,2021-07-15_004437,746,746,746
20200327,CSP27,2021-07-15_004807,708,708,708
20200327a,CSP27,2021-07-15_005026,613,613,612
20200328,CSP27,2021-07-15_005425,536,536,536
20200328a,CSP27,2021-07-15_005629,393,393,393
20200329,CSP27,2021-07-15_005813,552,552,552
20200329a,CSP27,2021-07-15_010010,504,504,504
20200222,CSP29,2021-07-15_010202,460,458,308
20200222a,CSP29,2021-07-15_010342,601,585,601
20200304,CSP29,2021-07-15_010539,593,593,593
20200305,CSP29,2021-07-15_010722,426,425,426
20200305a,CSP29,2021-07-15_010849,516,515,516
20200306,CSP29,2021-07-15_011019,514,513,514
20200321,CSP29,2021-07-15_011207,417,417,417
20200321a,CSP29,2021-07-15_011343,482,482,482
20200322,CSP29,2021-07-15_011525,458,458,458
20200322a,CSP29,2021-07-15_011658,609,609,609
200301,CSP30,2021-07-15_011848,389,385,389
200301a,CSP30,2021-07-15_012020,420,420,419
200302,CSP30,2021-07-15_012154,423,423,422
200303,CSP30,2021-07-15_012319,457,457,457
200316,CSP30,2021-07-15_012503,441,441,441
200316a,CSP30,2021-07-15_012637,452,452,451
200317,CSP30,2021-07-15_012818,486,486,486
200317a,CSP30,2021-07-15_013004,288,288,315
200318,CSP30,2021-07-15_013124,459,458,323
200318a,CSP30,2021-07-15_013309,414,414,414
200319,CSP30,2021-07-15_013448,424,424,424
200320,CSP30,2021-07-15_013629,395,395,395
200321,CSP30,2021-07-15_013817,375,375,375
200327,CSP30,2021-07-15_013950,449,448,449
200328,CSP30,2021-07-15_014140,435,435,435
200329,CSP30,2021-07-15_014413,430,430,430
200330,CSP30,2021-07-15_014557,398,398,398
200331,CSP30,2021-07-15_014826,462,462,462
200331a,CSP30,2021-07-15_015022,408,408,408
200401,CSP30,2021-07-15_015219,300,300,300
20200401a,CSP30,2021-07-15_015349,446,445,445
200320,Plex50,2021-07-15_015538,374,366,374
200321,Plex50,2021-07-15_015721,313,297,313
200323,Plex50,2021-07-15_015927,451,444,451
200330,Plex50,2021-07-15_020128,460,460,460
200330a,Plex50,2021-07-15_020313,472,472,472
200331,Plex50,2021-07-15_020511,375,375,375
200401a,Plex50,2021-07-15_020814,527,526,527
200401b,Plex50,2021-07-15_021017,399,399,399
20200402,Plex50,2021-07-15_021212,456,455,456
200402a,Plex50,2021-07-15_021357,494,494,494
20200402b,Plex50,2021-07-15_021617,478,478,478
200320,Plex51,2021-07-15_021803,226,226,226
200325,Plex51,2021-07-15_021831,359,359,358
200326,Plex51,2021-07-15_022009,411,411,411
200327,Plex51,2021-07-15_022157,390,390,389
200327a,Plex51,2021-07-15_022336,395,395,394
200328,Plex51,2021-07-15_022517,356,356,356
200331a,Plex51,2021-07-15_022652,441,441,441
200401,Plex51,2021-07-15_022835,611,611,206
200401a,Plex51,2021-07-15_022923,488,488,488
200401b,Plex51,2021-07-15_023112,471,471,471
20200331a,Fez51,2021-07-15_024329,443,429,443
20200401,Fez51,2021-07-15_024537,461,457,461
20200401a,Fez51,2021-07-15_024712,382,382,579
20200402,Fez51,2021-07-15_024856,492,491,492
20200402a,Fez51,2021-07-15_025053,576,576,575
20200606,Fez51,2021-07-15_025322,448,435,448
20200607,Fez51,2021-07-15_025452,450,449,450
20200608,Fez51,2021-07-15_025618,375,375,253
20200621,Fez51,2021-07-15_025741,430,430,430
20200626,Fez51,2021-07-15_030016,486,486,486
20200703,Fez51,2021-07-15_030227,528,528,528
20200714,Fez51,2021-07-15_030421,581,580,581
20200715,Fez51,2021-07-15_030554,498,498,497
20200715a,Fez51,2021-07-15_030735,593,591,593
20200716,Fez51,2021-07-15_030917,464,464,464
20200716a,Fez51,2021-07-15_031049,394,394,394
20200604,Fez57,2021-07-15_031216,650,650,650
20200604a,Fez57,2021-07-15_031414,448,446,448
20200605,Fez57,2021-07-15_031558,517,506,517
20200606,Fez57,2021-07-15_031751,448,436,450
20200607,Fez57,2021-07-15_031925,384,383,395
20200624,Fez57,2021-07-15_032058,470,465,469
20200630,Fez57,2021-07-15_032331,470,468,470
20200701,Fez57,2021-07-15_032506,484,484,484
20200702,Fez57,2021-07-15_032655,446,442,446
20200703,Fez57,2021-07-15_032851,541,541,541
20200714,Fez57,2021-07-15_033106,473,473,473
20200715,Fez57,2021-07-15_033245,537,537,537
20200715a,Fez57,2021-07-15_033431,458,458,458
20200716,Fez57,2021-07-15_033629,555,555,555
20200716a,Fez57,2021-07-15_033821,423,420,424
20200604,Fez59,2021-07-15_033956,643,641,405
20200604a,Fez59,2021-07-15_034208,405,405,405
20200606,Fez59,2021-07-15_034452,675,673,675
20200608,Fez59,2021-07-15_034730,412,386,412
20200624,Fez59,2021-07-15_034916,475,475,482
20200626,Fez59,2021-07-15_035018,432,431,482
20200630,Fez59,2021-07-15_035054,604,604,604
20200701,Fez59,2021-07-15_035244,512,512,501
20200702,Fez59,2021-07-15_035351,486,485,500
20200703,Fez59,2021-07-15_035537,688,683,687
20200604,Fez61,2021-07-15_035811,600,600,600
20200605a,Fez61,2021-07-15_040053,528,528,528
20200606,Fez61,2021-07-15_040239,587,587,587
200331,Plex51,2021-07-15_083112,404,404,404
20200307,CSP27,2021-07-17_001716,466,453,467
20200307a,CSP27,2021-07-17_004359,486,474,486
20200308,CSP27,2021-07-17_011011,523,522,523
20200308a,CSP27,2021-07-17_014447,522,519,522
20200320,CSP27,2021-07-17_074552,505,505,505
20200320a,CSP27,2021-07-17_081836,517,517,517
20200321,CSP27,2021-07-17_085157,550,550,550
20200321a,CSP27,2021-07-17_092440,509,509,509
20200324,CSP27,2021-07-17_095218,568,568,568
20200325,CSP27,2021-07-17_102621,723,723,723
20200326,CSP27,2021-07-17_111918,746,746,746
20200327,CSP27,2021-07-17_122705,708,708,708
20200327a,CSP27,2021-07-17_130524,613,613,612
20200328,CSP27,2021-07-17_140024,536,536,536
20200328a,CSP27,2021-07-17_143712,393,393,393
20200329,CSP27,2021-07-17_150059,552,552,552
20200329a,CSP27,2021-07-17_153411,504,504,504
20200222,CSP29,2021-07-17_160608,460,458,308
20200222a,CSP29,2021-07-17_162157,601,585,601
20200304,CSP29,2021-07-17_165752,593,593,593
20200305,CSP29,2021-07-17_173206,426,425,426
20200305a,CSP29,2021-07-17_175243,516,515,516
20200306,CSP29,2021-07-17_181741,514,513,514
20200321,CSP29,2021-07-17_184245,417,417,417
20200321a,CSP29,2021-07-17_190334,482,482,482
20200322,CSP29,2021-07-17_193233,458,458,458
20200322a,CSP29,2021-07-17_194627,609,609,609
20200322a,CSP29,2021-07-18_012642,609,609,609
200301,CSP30,2021-07-18_015733,389,385,389
200301a,CSP30,2021-07-18_021348,420,420,419
200302,CSP30,2021-07-18_022854,423,423,422
200303,CSP30,2021-07-18_024052,457,457,457
200316,CSP30,2021-07-18_030238,441,441,441
200316a,CSP30,2021-07-18_032049,452,452,451
200317,CSP30,2021-07-18_033804,486,486,486
200317a,CSP30,2021-07-18_040051,288,288,315
200318,CSP30,2021-07-18_040845,459,458,323
200319,CSP30,2021-07-18_042311,424,424,424
200320,CSP30,2021-07-18_044152,395,395,395
200321,CSP30,2021-07-18_050121,375,375,375
200327,CSP30,2021-07-18_051623,449,448,449
200328,CSP30,2021-07-18_053418,435,435,435
200329,CSP30,2021-07-18_055706,430,430,430
200330,CSP30,2021-07-18_061941,398,398,398
200331,CSP30,2021-07-18_064039,462,462,462
200331a,CSP30,2021-07-18_070811,408,408,408
200401,CSP30,2021-07-18_073030,300,300,300
20200401a,CSP30,2021-07-18_074417,446,445,445
200320,Plex50,2021-07-18_080635,374,366,374
200321,Plex50,2021-07-18_082136,313,297,313
200323,Plex50,2021-07-18_083039,451,444,451
200330,Plex50,2021-07-18_085720,460,460,460
200330a,Plex50,2021-07-18_092027,472,472,472
200331,Plex50,2021-07-18_094548,375,375,375
200401a,Plex50,2021-07-18_100332,527,526,527
200401b,Plex50,2021-07-18_103229,399,399,399
20200402,Plex50,2021-07-18_105739,456,455,456
200402a,Plex50,2021-07-18_112058,494,494,494
20200402b,Plex50,2021-07-18_114748,478,478,478
200320,Plex51,2021-07-18_121158,226,226,226
200325,Plex51,2021-07-18_121812,359,359,358
200326,Plex51,2021-07-18_123231,411,411,411
200327,Plex51,2021-07-20_074130,390,390,389
200327a,Plex51,2021-07-20_085322,395,395,394
200327a,Plex51,2021-07-21_082105,395,395,394
200328,Plex51,2021-07-21_092440,356,356,356
200331,Plex51,2021-07-21_100542,404,404,404
200331a,Plex51,2021-07-21_113248,441,441,441
200401,Plex51,2021-07-21_124025,611,611,206
200401a,Plex51,2021-07-21_131105,488,488,488
200401b,Plex51,2021-07-21_142724,471,471,471
20200331a,Fez51,2021-07-21_160847,443,429,443
20200401,Fez51,2021-07-21_173446,461,457,461
20200401a,Fez51,2021-07-21_185609,382,382,579
20200402,Fez51,2021-07-21_201100,492,491,492
200325,Plex51,2021-07-26_130349,359,359,358
20200307,CSP27,2021-07-26_155615,466,453,467
20200329,CSP27,2021-07-26_173957,552,552,552
20200402,Fez51,2021-07-26_204634,492,491,492
20200402a,Fez51,2021-07-27_093251,576,576,575
20200307,CSP27,2021-07-27_214537,466,453,467
20200307a,CSP27,2021-07-27_214625,486,474,486
20200308,CSP27,2021-07-27_214717,523,522,523
20200308a,CSP27,2021-07-27_214809,522,519,522
20200320,CSP27,2021-07-27_214955,505,505,505
20200320a,CSP27,2021-07-27_215042,517,517,517
20200321,CSP27,2021-07-27_215131,550,550,550
20200329,CSP27,2021-07-27_215300,552,552,552
20200307,CSP27,2021-07-29_224449,466,453,467
20200307a,CSP27,2021-07-29_224956,486,474,486
20200308,CSP27,2021-07-29_225524,523,522,523
20200308a,CSP27,2021-07-29_230200,522,519,522
20200320,CSP27,2021-07-29_230834,505,505,505
20200320a,CSP27,2021-07-29_231443,517,517,517
20200321,CSP27,2021-07-29_232122,550,550,550
20200321a,CSP27,2021-07-29_232717,509,509,509
20200324,CSP27,2021-07-29_233216,568,568,568
20200325,CSP27,2021-07-29_233737,723,723,723
20200326,CSP27,2021-07-29_234441,746,746,746
20200327,CSP27,2021-07-29_235400,708,708,708
20200327a,CSP27,2021-07-29_235905,613,613,612
20200328,CSP27,2021-07-30_001122,536,536,536
20200328a,CSP27,2021-07-30_001743,393,393,393
20200329,CSP27,2021-07-30_002244,552,552,552
20200329a,CSP27,2021-07-30_002848,504,504,504
20200222,CSP29,2021-07-30_003500,460,458,308
20200222a,CSP29,2021-07-30_003543,601,585,601
20200304,CSP29,2021-07-30_004211,593,593,593
20200305,CSP29,2021-07-30_004715,426,425,426
20200305a,CSP29,2021-07-30_005109,516,515,516
20200306,CSP29,2021-07-30_005517,514,513,514
20200321,CSP29,2021-07-30_010057,417,417,417
20200321a,CSP29,2021-07-30_010534,482,482,482
20200322,CSP29,2021-07-30_011042,458,458,458
20200322a,CSP29,2021-07-30_011126,609,609,609
200301,CSP30,2021-07-30_011716,389,385,389
200301a,CSP30,2021-07-30_011755,420,420,419
200302,CSP30,2021-07-30_011832,423,423,422
200303,CSP30,2021-07-30_011907,457,457,457
200316,CSP30,2021-07-30_012459,441,441,441
200316a,CSP30,2021-07-30_012539,452,452,451
200317,CSP30,2021-07-30_012624,486,486,486
200317a,CSP30,2021-07-30_013215,288,288,315
200318,CSP30,2021-07-30_013247,459,458,323
200318a,CSP30,2021-07-30_013334,414,414,414
200319,CSP30,2021-07-30_013417,424,424,424
200320,CSP30,2021-07-30_013500,395,395,395
200321,CSP30,2021-07-30_013543,375,375,375
200327,CSP30,2021-07-30_013622,449,448,449
200328,CSP30,2021-07-30_013718,435,435,435
200329,CSP30,2021-07-30_013838,430,430,430
200330,CSP30,2021-07-30_014333,398,398,398
200331,CSP30,2021-07-30_014453,462,462,462
200331a,CSP30,2021-07-30_015051,408,408,408
200401,CSP30,2021-07-30_015657,300,300,300
20200401a,CSP30,2021-07-30_015726,446,445,445
200320,Plex50,2021-07-30_020242,374,366,374
200321,Plex50,2021-07-30_020322,313,297,313
200323,Plex50,2021-07-30_020430,451,444,451
200330,Plex50,2021-07-30_021106,460,460,460
200330a,Plex50,2021-07-30_021553,472,472,472
200331,Plex50,2021-07-30_022210,375,375,375
200401a,Plex50,2021-07-30_022417,527,526,527
200401b,Plex50,2021-07-30_023025,399,399,399
20200402,Plex50,2021-07-30_023720,456,455,456
200402a,Plex50,2021-07-30_024211,494,494,494
20200402b,Plex50,2021-07-30_024739,478,478,478
200320,Plex51,2021-07-30_025224,226,226,226
200325,Plex51,2021-07-30_025252,359,359,358
200326,Plex51,2021-07-30_025331,411,411,411
200327,Plex51,2021-07-30_025901,390,390,389
200327a,Plex51,2021-07-30_025938,395,395,394
200328,Plex51,2021-07-30_030018,356,356,356
200331,Plex51,2021-07-30_030054,404,404,404
200331a,Plex51,2021-07-30_030724,441,441,441
200401,Plex51,2021-07-30_030806,611,611,206
200401a,Plex51,2021-07-30_030852,488,488,488
200401b,Plex51,2021-07-30_030939,471,471,471
20200331a,Fez51,2021-07-30_032457,443,429,443
20200401,Fez51,2021-07-30_033036,461,457,461
20200401a,Fez51,2021-07-30_033423,382,382,579
20200402,Fez51,2021-07-30_033842,492,491,492
20200402a,Fez51,2021-07-30_034346,576,576,575
20200606,Fez51,2021-07-30_034957,448,435,448
20200607,Fez51,2021-07-30_035310,450,449,450
20200608,Fez51,2021-07-30_035627,375,375,253
20200621,Fez51,2021-07-30_035710,430,430,430
20200626,Fez51,2021-07-30_040132,486,486,486
20200703,Fez51,2021-07-30_040645,528,528,528
20200714,Fez51,2021-07-30_041122,581,580,581
20200715,Fez51,2021-07-30_041523,498,498,497
20200715a,Fez51,2021-07-30_041822,593,591,593
20200716,Fez51,2021-07-30_042220,464,464,464
20200716a,Fez51,2021-07-30_042532,394,394,394
20200604,Fez57,2021-07-30_042615,650,650,650
20200604a,Fez57,2021-07-30_043039,448,446,448
20200605,Fez57,2021-07-30_043427,517,506,517
20200606,Fez57,2021-07-30_043910,448,436,450
20200607,Fez57,2021-07-30_043957,384,383,395
20200624,Fez57,2021-07-30_044324,470,465,469
20200630,Fez57,2021-07-30_044808,470,468,470
20200701,Fez57,2021-07-30_045352,484,484,484
20200702,Fez57,2021-07-30_045830,446,442,446
20200703,Fez57,2021-07-30_050406,541,541,541
20200714,Fez57,2021-07-30_051037,473,473,473
20200715,Fez57,2021-07-30_051440,537,537,537
20200715a,Fez57,2021-07-30_051913,458,458,458
20200716,Fez57,2021-07-30_052442,555,555,555
20200716a,Fez57,2021-07-30_053106,423,420,424
20200604,Fez59,2021-07-30_053152,643,641,405
20200604a,Fez59,2021-07-30_053310,405,405,405
20200606,Fez59,2021-07-30_053502,675,673,675
20200608,Fez59,2021-07-30_054231,412,386,412
20200624,Fez59,2021-07-30_054322,475,475,482
20200626,Fez59,2021-07-30_054424,432,431,482
20200630,Fez59,2021-07-30_054500,604,604,604
20200701,Fez59,2021-07-30_055116,512,512,501
20200702,Fez59,2021-07-30_055224,486,485,500
20200703,Fez59,2021-07-30_055622,688,683,687
20200604,Fez61,2021-07-30_060259,600,600,600
20200605a,Fez61,2021-07-30_060800,528,528,528
20200606,Fez61,2021-07-30_061149,587,587,587
200318,CSP30,2021-08-01_102131,459,458,323
20200307,CSP27,2021-08-02_233726,466,453,467
20200307a,CSP27,2021-08-02_234134,486,474,486
20200308,CSP27,2021-08-02_234529,523,522,523
20200308a,CSP27,2021-08-02_235001,522,519,522
20200320,CSP27,2021-08-02_235454,505,505,505
20200320a,CSP27,2021-08-02_235857,517,517,517
20200321,CSP27,2021-08-03_000335,550,550,550
20200321a,CSP27,2021-08-03_000728,509,509,509
20200324,CSP27,2021-08-03_001059,568,568,568
20200325,CSP27,2021-08-03_001427,723,723,723
20200326,CSP27,2021-08-03_001858,746,746,746
20200327,CSP27,2021-08-03_002517,708,708,708
20200327a,CSP27,2021-08-03_002840,613,613,612
20200328,CSP27,2021-08-03_003638,536,536,536
20200328a,CSP27,2021-08-03_004037,393,393,393
20200329,CSP27,2021-08-03_004412,552,552,552
20200329a,CSP27,2021-08-03_004820,504,504,504
20200222,CSP29,2021-08-03_005227,460,458,308
20200222a,CSP29,2021-08-03_005632,601,585,601
20200304,CSP29,2021-08-03_010058,593,593,593
20200305,CSP29,2021-08-03_010422,426,425,426
20200305a,CSP29,2021-08-03_010705,516,515,516
20200306,CSP29,2021-08-03_010949,514,513,514
20200321,CSP29,2021-08-03_011353,417,417,417
20200321a,CSP29,2021-08-03_011719,482,482,482
20200322,CSP29,2021-08-03_012043,458,458,458
20200322a,CSP29,2021-08-03_012420,609,609,609
200301,CSP30,2021-08-03_012818,389,385,389
200301a,CSP30,2021-08-03_013159,420,420,419
200302,CSP30,2021-08-03_013526,423,423,422
200303,CSP30,2021-08-03_013834,457,457,457
200316,CSP30,2021-08-03_014228,441,441,441
200316a,CSP30,2021-08-03_014558,452,452,451
200317,CSP30,2021-08-03_014936,486,486,486
200317a,CSP30,2021-08-03_015325,288,288,315
200318a,CSP30,2021-08-03_015618,414,414,414
200319,CSP30,2021-08-03_020015,424,424,424
200320,CSP30,2021-08-03_020423,395,395,395
200321,CSP30,2021-08-03_020845,375,375,375
200327,CSP30,2021-08-03_021153,449,448,449
200328,CSP30,2021-08-03_021511,435,435,435
200329,CSP30,2021-08-03_022007,430,430,430
200330,CSP30,2021-08-03_022331,398,398,398
200331,CSP30,2021-08-03_022828,462,462,462
200331a,CSP30,2021-08-03_023230,408,408,408
200401,CSP30,2021-08-03_023636,300,300,300
20200401a,CSP30,2021-08-03_023953,446,445,445
200320,Plex50,2021-08-03_024353,374,366,374
200321,Plex50,2021-08-03_024759,313,297,313
200323,Plex50,2021-08-03_025218,451,444,451
200330,Plex50,2021-08-03_025715,460,460,460
200330a,Plex50,2021-08-03_030051,472,472,472
200331,Plex50,2021-08-03_030545,375,375,375
200401a,Plex50,2021-08-03_031019,527,526,527
200401b,Plex50,2021-08-03_031430,399,399,399
20200402,Plex50,2021-08-03_031943,456,455,456
200402a,Plex50,2021-08-03_032329,494,494,494
20200402b,Plex50,2021-08-03_032728,478,478,478
200320,Plex51,2021-08-03_033045,226,226,226
200325,Plex51,2021-08-03_033114,359,359,358
200326,Plex51,2021-08-03_033458,411,411,411
200327,Plex51,2021-08-03_033903,390,390,389
200327a,Plex51,2021-08-03_034225,395,395,394
200328,Plex51,2021-08-03_034612,356,356,356
200331,Plex51,2021-08-03_034928,404,404,404
200331a,Plex51,2021-08-03_035422,441,441,441
200401,Plex51,2021-08-03_035808,611,611,206
200401a,Plex51,2021-08-03_040043,488,488,488
200401b,Plex51,2021-08-03_040450,471,471,471
20200331a,Fez51,2021-08-03_041843,443,429,443
20200401,Fez51,2021-08-03_042235,461,457,461
20200401a,Fez51,2021-08-03_042501,382,382,579
20200402,Fez51,2021-08-03_042752,492,491,492
20200402a,Fez51,2021-08-03_043103,576,576,575
20200606,Fez51,2021-08-03_043503,448,435,448
20200607,Fez51,2021-08-03_043715,450,449,450
20200608,Fez51,2021-08-03_043924,375,375,253
20200621,Fez51,2021-08-03_044128,430,430,430
20200626,Fez51,2021-08-03_044444,486,486,486
20200703,Fez51,2021-08-03_044847,528,528,528
20200714,Fez51,2021-08-03_045201,581,580,581
20200715,Fez51,2021-08-03_045451,498,498,497
20200715a,Fez51,2021-08-03_045637,593,591,593
20200716,Fez51,2021-08-03_045916,464,464,464
20200716a,Fez51,2021-08-03_050149,394,394,394
20200604,Fez57,2021-08-03_050409,650,650,650
20200604a,Fez57,2021-08-03_050715,448,446,448
20200605,Fez57,2021-08-03_051016,517,506,517
20200606,Fez57,2021-08-03_051352,448,436,450
20200607,Fez57,2021-08-03_051641,384,383,395
20200624,Fez57,2021-08-03_051928,470,465,469
20200630,Fez57,2021-08-03_052316,470,468,470
20200701,Fez57,2021-08-03_052716,484,484,484
20200702,Fez57,2021-08-03_053040,446,442,446
20200703,Fez57,2021-08-03_053425,541,541,541
20200714,Fez57,2021-08-03_053909,473,473,473
20200715,Fez57,2021-08-03_054205,537,537,537
20200715a,Fez57,2021-08-03_054511,458,458,458
20200716,Fez57,2021-08-03_054849,555,555,555
20200716a,Fez57,2021-08-03_055218,423,420,424
20200604,Fez59,2021-08-03_055443,643,641,405
20200604a,Fez59,2021-08-03_055841,405,405,405
20200606,Fez59,2021-08-03_060230,675,673,675
20200608,Fez59,2021-08-03_060706,412,386,412
20200624,Fez59,2021-08-03_061104,475,475,482
20200626,Fez59,2021-08-03_061207,432,431,482
20200630,Fez59,2021-08-03_061244,604,604,604
20200701,Fez59,2021-08-03_061652,512,512,501
20200702,Fez59,2021-08-03_061759,486,485,500
20200703,Fez59,2021-08-03_062048,688,683,687
20200604,Fez61,2021-08-03_062524,600,600,600
20200605a,Fez61,2021-08-03_062903,528,528,528
20200606,Fez61,2021-08-03_063143,587,587,587
20200402a,Fez51,2021-08-03_203602,576,576,575
20200606,Fez51,2021-08-03_212855,448,435,448
20200607,Fez51,2021-08-03_215112,450,449,450
20200608,Fez51,2021-08-03_221424,375,375,253
20200621,Fez51,2021-08-03_222306,430,430,430
20200626,Fez51,2021-08-03_224633,486,486,486
20200703,Fez51,2021-08-03_231400,528,528,528
20200714,Fez51,2021-08-03_235010,581,580,581
20200715,Fez51,2021-08-04_001934,498,498,497
20200715a,Fez51,2021-08-04_004502,593,591,593
20200716,Fez51,2021-08-04_012710,464,464,464
20200716a,Fez51,2021-08-04_015058,394,394,394
20200604,Fez57,2021-08-04_020639,650,650,650
20200604a,Fez57,2021-08-04_025257,448,446,448
20200605,Fez57,2021-08-04_031711,517,506,517
20200606,Fez57,2021-08-04_035500,448,436,450
20200607,Fez57,2021-08-04_041739,384,383,395
20200624,Fez57,2021-08-04_044056,470,465,469
20200630,Fez57,2021-08-04_050746,470,468,470
20200701,Fez57,2021-08-04_054121,484,484,484
20200702,Fez57,2021-08-04_060959,446,442,446
20200703,Fez57,2021-08-04_064505,541,541,541
20200714,Fez57,2021-08-04_072346,473,473,473
20200715,Fez57,2021-08-04_075011,537,537,537
20200715a,Fez57,2021-08-04_082159,458,458,458
20200716,Fez57,2021-08-04_085346,555,555,555
20200716a,Fez57,2021-08-04_093815,423,420,424
20200604,Fez59,2021-08-04_095806,643,641,405
20200604a,Fez59,2021-08-04_101920,405,405,405
20200606,Fez59,2021-08-04_103848,675,673,675
20200608,Fez59,2021-08-04_114702,412,386,412
20200624,Fez59,2021-08-04_120921,475,475,482
20200626,Fez59,2021-08-04_121025,432,431,482
20200630,Fez59,2021-08-04_121102,604,604,604
20200701,Fez59,2021-08-04_130744,512,512,501
20200702,Fez59,2021-08-04_130852,486,485,500
20200703,Fez59,2021-08-04_134259,688,683,687
20200604,Fez61,2021-08-04_145208,600,600,600
20200605a,Fez61,2021-08-04_153941,528,528,528
20200606,Fez61,2021-08-04_161712,587,587,587
200402a,Plex51,2021-08-10_165022,438,438,438
200402b,Plex51,2021-08-10_165255,455,455,455
200402a,Plex51,2021-08-10_170144,438,438,438
200320,Plex51,2021-08-10_170716,226,226,226
200320,Plex51,2021-08-18_221250,226,226,226
20200307,CSP27,2021-08-19_230641,466,453,467
20200307a,CSP27,2021-08-19_230741,486,474,486
20200308,CSP27,2021-08-19_230840,523,522,523
20200308a,CSP27,2021-08-19_230944,522,519,522
20200320,CSP27,2021-08-19_231156,505,505,505
20200320a,CSP27,2021-08-19_231251,517,517,517
20200321,CSP27,2021-08-19_231352,550,550,550
20200321a,CSP27,2021-08-19_231453,509,509,509
20200324,CSP27,2021-08-19_231627,568,568,568
20200325,CSP27,2021-08-19_231721,723,723,723
20200326,CSP27,2021-08-19_231906,746,746,746
20200327,CSP27,2021-08-19_232135,708,708,708
20200327a,CSP27,2021-08-19_232258,613,613,612
20200328,CSP27,2021-08-19_232555,536,536,536
20200328a,CSP27,2021-08-19_232654,393,393,393
20200329,CSP27,2021-08-19_232739,552,552,552
20200329a,CSP27,2021-08-19_232841,504,504,504
20200222,CSP29,2021-08-19_232943,460,458,308
20200222a,CSP29,2021-08-19_233036,601,585,601
20200304,CSP29,2021-08-19_233142,593,593,593
20200305,CSP29,2021-08-19_233234,426,425,426
20200305a,CSP29,2021-08-19_233314,516,515,516
20200306,CSP29,2021-08-19_233358,514,513,514
20200321,CSP29,2021-08-19_233454,417,417,417
20200321a,CSP29,2021-08-19_233541,482,482,482
20200322,CSP29,2021-08-19_233630,458,458,458
20200322a,CSP29,2021-08-19_233725,609,609,609
200301,CSP30,2021-08-19_233827,389,385,389
200301a,CSP30,2021-08-19_233914,420,420,419
200302,CSP30,2021-08-19_234001,423,423,422
200303,CSP30,2021-08-19_234045,457,457,457
200316,CSP30,2021-08-19_234137,441,441,441
200316a,CSP30,2021-08-19_234227,452,452,451
200317,CSP30,2021-08-19_234323,486,486,486
200317a,CSP30,2021-08-19_234415,288,288,315
200318a,CSP30,2021-08-19_234457,414,414,414
200319,CSP30,2021-08-19_234552,424,424,424
200320,CSP30,2021-08-19_234645,395,395,395
200321,CSP30,2021-08-19_234739,375,375,375
200327,CSP30,2021-08-19_234826,449,448,449
200328,CSP30,2021-08-19_234938,435,435,435
200329,CSP30,2021-08-19_235119,430,430,430
200330,CSP30,2021-08-19_235203,398,398,398
200331,CSP30,2021-08-19_235349,462,462,462
200331a,CSP30,2021-08-19_235439,408,408,408
200401,CSP30,2021-08-19_235526,300,300,300
20200401a,CSP30,2021-08-19_235602,446,445,445
200320,Plex50,2021-08-19_235656,374,366,374
200321,Plex50,2021-08-19_235748,313,297,313
200323,Plex50,2021-08-19_235915,451,444,451
200330,Plex50,2021-08-20_000017,460,460,460
200330a,Plex50,2021-08-20_000108,472,472,472
200331,Plex50,2021-08-20_000210,375,375,375
200401a,Plex50,2021-08-20_000502,527,526,527
200401b,Plex50,2021-08-20_000601,399,399,399
20200402,Plex50,2021-08-20_000657,456,455,456
200402a,Plex50,2021-08-20_000751,494,494,494
20200402b,Plex50,2021-08-20_000924,478,478,478
200320,Plex51,2021-08-20_001414,226,226,226
200325,Plex51,2021-08-20_001451,359,359,358
200326,Plex51,2021-08-20_001540,411,411,411
200327,Plex51,2021-08-20_001632,390,390,389
200327a,Plex51,2021-08-20_001719,395,395,394
200328,Plex51,2021-08-20_001808,356,356,356
200331,Plex51,2021-08-20_001855,404,404,404
200331a,Plex51,2021-08-20_002046,441,441,441
200401,Plex51,2021-08-20_002138,611,611,206
200401a,Plex51,2021-08-20_002236,488,488,488
200401b,Plex51,2021-08-20_002333,471,471,471
200402a,Plex51,2021-08-20_002458,438,438,438
200402b,Plex51,2021-08-20_002608,455,455,455
20200331a,Fez51,2021-08-20_004137,443,429,443
20200401,Fez51,2021-08-20_004310,461,457,461
20200401a,Fez51,2021-08-20_004404,382,382,579
20200402,Fez51,2021-08-20_004510,492,491,492
20200402a,Fez51,2021-08-20_004621,576,576,575
20200606,Fez51,2021-08-20_004813,448,435,448
20200607,Fez51,2021-08-20_004906,450,449,450
20200608,Fez51,2021-08-20_004952,375,375,253
20200621,Fez51,2021-08-20_005047,430,430,430
20200626,Fez51,2021-08-20_005305,486,486,486
20200703,Fez51,2021-08-20_005445,528,528,528
20200714,Fez51,2021-08-20_005600,581,580,581
20200715,Fez51,2021-08-20_005653,498,498,497
20200715a,Fez51,2021-08-20_005805,593,591,593
20200716,Fez51,2021-08-20_005902,464,464,464
20200716a,Fez51,2021-08-20_005955,394,394,394
20200604,Fez57,2021-08-20_010047,650,650,650
20200604a,Fez57,2021-08-20_010203,448,446,448
20200605,Fez57,2021-08-20_010307,517,506,517
20200606,Fez57,2021-08-20_010417,448,436,450
20200607,Fez57,2021-08-20_010515,384,383,395
20200624,Fez57,2021-08-20_010608,470,465,469
20200630,Fez57,2021-08-20_010818,470,468,470
20200701,Fez57,2021-08-20_010905,484,484,484
20200702,Fez57,2021-08-20_011014,446,442,446
20200703,Fez57,2021-08-20_011128,541,541,541
20200714,Fez57,2021-08-20_011300,473,473,473
20200715,Fez57,2021-08-20_011359,537,537,537
20200715a,Fez57,2021-08-20_011457,458,458,458
20200716,Fez57,2021-08-20_011610,555,555,555
20200716a,Fez57,2021-08-20_011707,423,420,424
20200604,Fez59,2021-08-20_011800,643,641,405
20200604a,Fez59,2021-08-20_011932,405,405,405
20200606,Fez59,2021-08-20_012143,675,673,675
20200608,Fez59,2021-08-20_012325,412,386,412
20200624,Fez59,2021-08-20_012423,475,475,482
20200626,Fez59,2021-08-20_012534,432,431,482
20200630,Fez59,2021-08-20_012614,604,604,604
20200701,Fez59,2021-08-20_012709,512,512,501
20200702,Fez59,2021-08-20_012827,486,485,500
20200703,Fez59,2021-08-20_012930,688,683,687
20200604,Fez61,2021-08-20_013110,600,600,600
20200605a,Fez61,2021-08-20_013313,528,528,528
20200606,Fez61,2021-08-20_013412,587,587,587
20200321a,CSP27,2021-08-20_105404,509,509,509
20200307,CSP27,2021-08-20_114528,466,453,467
20200307a,CSP27,2021-08-20_115026,486,474,486
20200308,CSP27,2021-08-20_115537,523,522,523
20200308a,CSP27,2021-08-20_120139,522,519,522
20200320,CSP27,2021-08-20_120756,505,505,505
20200320a,CSP27,2021-08-20_121324,517,517,517
20200321,CSP27,2021-08-20_121915,550,550,550
20200321a,CSP27,2021-08-20_122425,509,509,509
20200324,CSP27,2021-08-20_122906,568,568,568
20200325,CSP27,2021-08-20_123352,723,723,723
20200326,CSP27,2021-08-20_123953,746,746,746
20200327,CSP27,2021-08-20_124814,708,708,708
20200327a,CSP27,2021-08-20_125255,613,613,612
20200328,CSP27,2021-08-20_130422,536,536,536
20200328a,CSP27,2021-08-20_131139,393,393,393
20200329,CSP27,2021-08-20_131647,552,552,552
20200329a,CSP27,2021-08-20_132228,504,504,504
20200222,CSP29,2021-08-20_132756,460,458,308
20200222a,CSP29,2021-08-20_133329,601,585,601
20200304,CSP29,2021-08-20_133920,593,593,593
20200305,CSP29,2021-08-20_134403,426,425,426
20200305a,CSP29,2021-08-20_134839,516,515,516
20200306,CSP29,2021-08-20_135258,514,513,514
20200321,CSP29,2021-08-20_135856,417,417,417
20200321a,CSP29,2021-08-20_140358,482,482,482
20200322,CSP29,2021-08-20_140841,458,458,458
20200322a,CSP29,2021-08-20_141329,609,609,609
200301,CSP30,2021-08-20_141844,389,385,389
200301a,CSP30,2021-08-20_142348,420,420,419
200302,CSP30,2021-08-20_142838,423,423,422
200303,CSP30,2021-08-20_143254,457,457,457
200316,CSP30,2021-08-20_143819,441,441,441
200316a,CSP30,2021-08-20_144316,452,452,451
200317,CSP30,2021-08-20_144816,486,486,486
200317a,CSP30,2021-08-20_145335,288,288,315
200318a,CSP30,2021-08-20_145724,414,414,414
200319,CSP30,2021-08-20_150245,424,424,424
200320,CSP30,2021-08-20_150826,395,395,395
200321,CSP30,2021-08-20_151420,375,375,375
200327,CSP30,2021-08-20_151847,449,448,449
200328,CSP30,2021-08-20_152317,435,435,435
200329,CSP30,2021-08-20_152938,430,430,430
200330,CSP30,2021-08-20_153423,398,398,398
200331,CSP30,2021-08-20_154043,462,462,462
200331a,CSP30,2021-08-20_154604,408,408,408
200401,CSP30,2021-08-20_155146,300,300,300
20200401a,CSP30,2021-08-20_155618,446,445,445
200320,Plex50,2021-08-20_160142,374,366,374
200321,Plex50,2021-08-20_160709,313,297,313
200323,Plex50,2021-08-20_161234,451,444,451
200330,Plex50,2021-08-20_161852,460,460,460
200330a,Plex50,2021-08-20_162342,472,472,472
200331,Plex50,2021-08-20_162953,375,375,375
200401a,Plex50,2021-08-20_163545,527,526,527
200401b,Plex50,2021-08-20_164106,399,399,399
20200402,Plex50,2021-08-20_164723,456,455,456
200402a,Plex50,2021-08-20_165215,494,494,494
20200402b,Plex50,2021-08-20_165747,478,478,478
200320,Plex51,2021-08-20_170232,226,226,226
200325,Plex51,2021-08-20_170305,359,359,358
200326,Plex51,2021-08-20_170814,411,411,411
200327,Plex51,2021-08-20_171351,390,390,389
200327a,Plex51,2021-08-20_171843,395,395,394
200328,Plex51,2021-08-20_172402,356,356,356
200331,Plex51,2021-08-20_172838,404,404,404
200331a,Plex51,2021-08-20_173515,441,441,441
200401,Plex51,2021-08-20_174027,611,611,206
200401a,Plex51,2021-08-20_174411,488,488,488
200401b,Plex51,2021-08-20_174940,471,471,471
200402a,Plex51,2021-08-20_175439,438,438,438
200402b,Plex51,2021-08-20_175936,455,455,455
20200331a,Fez51,2021-08-20_182839,443,429,443
20200401,Fez51,2021-08-20_183509,461,457,461
20200401a,Fez51,2021-08-20_183848,382,382,579
20200402,Fez51,2021-08-20_184247,492,491,492
20200402a,Fez51,2021-08-20_184737,576,576,575
20200606,Fez51,2021-08-20_185335,448,435,448
20200607,Fez51,2021-08-20_185704,450,449,450
20200608,Fez51,2021-08-20_190034,375,375,253
20200621,Fez51,2021-08-20_190350,430,430,430
20200626,Fez51,2021-08-20_190844,486,486,486
20200703,Fez51,2021-08-20_191423,528,528,528
20200714,Fez51,2021-08-20_191853,581,580,581
20200715,Fez51,2021-08-20_192253,498,498,497
20200715a,Fez51,2021-08-20_192457,593,591,593
20200716,Fez51,2021-08-20_192901,464,464,464
20200716a,Fez51,2021-08-20_193220,394,394,394
20200604,Fez57,2021-08-20_193534,650,650,650
20200604a,Fez57,2021-08-20_193944,448,446,448
20200605,Fez57,2021-08-20_194354,517,506,517
20200606,Fez57,2021-08-20_194834,448,436,450
20200607,Fez57,2021-08-20_195212,384,383,395
20200624,Fez57,2021-08-20_195552,470,465,469
20200630,Fez57,2021-08-20_200039,470,468,470
20200701,Fez57,2021-08-20_200530,484,484,484
20200702,Fez57,2021-08-20_200946,446,442,446
20200703,Fez57,2021-08-20_201432,541,541,541
20200714,Fez57,2021-08-20_202016,473,473,473
20200715,Fez57,2021-08-20_202405,537,537,537
20200715a,Fez57,2021-08-20_202807,458,458,458
20200716,Fez57,2021-08-20_203257,555,555,555
20200716a,Fez57,2021-08-20_203748,423,420,424
20200604,Fez59,2021-08-20_204117,643,641,405
20200604a,Fez59,2021-08-20_204629,405,405,405
20200606,Fez59,2021-08-20_205136,675,673,675
20200608,Fez59,2021-08-20_205738,412,386,412
20200624,Fez59,2021-08-20_210309,475,475,482
20200626,Fez59,2021-08-20_210417,432,431,482
20200630,Fez59,2021-08-20_210455,604,604,604
20200701,Fez59,2021-08-20_211017,512,512,501
20200702,Fez59,2021-08-20_211130,486,485,500
20200703,Fez59,2021-08-20_211526,688,683,687
20200604,Fez61,2021-08-20_212133,600,600,600
20200605a,Fez61,2021-08-20_212627,528,528,528
20200606,Fez61,2021-08-20_213008,587,587,587
20200307,CSP27,2021-08-20_220519,466,453,467
20200307a,CSP27,2021-08-20_221015,486,474,486
20200308,CSP27,2021-08-20_221524,523,522,523
20200308a,CSP27,2021-08-20_222118,522,519,522
20200320,CSP27,2021-08-20_222730,505,505,505
20200320a,CSP27,2021-08-20_223258,517,517,517
20200321,CSP27,2021-08-20_223851,550,550,550
20200321a,CSP27,2021-08-20_224403,509,509,509
20200324,CSP27,2021-08-20_224844,568,568,568
20200325,CSP27,2021-08-20_225330,723,723,723
20200326,CSP27,2021-08-20_225931,746,746,746
20200327,CSP27,2021-08-20_230730,708,708,708
20200327a,CSP27,2021-08-20_231214,613,613,612
20200328,CSP27,2021-08-20_232234,536,536,536
20200328a,CSP27,2021-08-20_232822,393,393,393
20200329,CSP27,2021-08-20_233338,552,552,552
20200329a,CSP27,2021-08-20_233934,504,504,504
20200222,CSP29,2021-08-20_234522,460,458,308
20200222a,CSP29,2021-08-20_235107,601,585,601
20200304,CSP29,2021-08-20_235716,593,593,593
20200305,CSP29,2021-08-21_000214,426,425,426
20200305a,CSP29,2021-08-21_000616,516,515,516
20200306,CSP29,2021-08-21_001019,514,513,514
20200321,CSP29,2021-08-21_001549,417,417,417
20200321a,CSP29,2021-08-21_002029,482,482,482
20200322,CSP29,2021-08-21_002509,458,458,458
20200322a,CSP29,2021-08-21_002957,609,609,609
200301,CSP30,2021-08-21_003511,389,385,389
200301a,CSP30,2021-08-21_004014,420,420,419
200302,CSP30,2021-08-21_004507,423,423,422
200303,CSP30,2021-08-21_004938,457,457,457
200316,CSP30,2021-08-21_005528,441,441,441
200316a,CSP30,2021-08-21_010042,452,452,451
200317,CSP30,2021-08-21_010603,486,486,486
200317a,CSP30,2021-08-21_011149,288,288,315
200318a,CSP30,2021-08-21_011556,414,414,414
200319,CSP30,2021-08-21_012142,424,424,424
200320,CSP30,2021-08-21_012745,395,395,395
200321,CSP30,2021-08-21_013406,375,375,375
200327,CSP30,2021-08-21_013850,449,448,449
200328,CSP30,2021-08-21_014335,435,435,435
200329,CSP30,2021-08-21_015009,430,430,430
200330,CSP30,2021-08-21_015454,398,398,398
200331,CSP30,2021-08-21_020058,462,462,462
200331a,CSP30,2021-08-21_020607,408,408,408
200401,CSP30,2021-08-21_021128,300,300,300
20200401a,CSP30,2021-08-21_021550,446,445,445
200320,Plex50,2021-08-21_022052,374,366,374
200321,Plex50,2021-08-21_022558,313,297,313
200323,Plex50,2021-08-21_023113,451,444,451
200330,Plex50,2021-08-21_023713,460,460,460
200330a,Plex50,2021-08-21_024149,472,472,472
200331,Plex50,2021-08-21_024745,375,375,375
200401a,Plex50,2021-08-21_025338,527,526,527
200401b,Plex50,2021-08-21_025918,399,399,399
20200402,Plex50,2021-08-21_030601,456,455,456
200402a,Plex50,2021-08-21_031058,494,494,494
20200402b,Plex50,2021-08-21_031634,478,478,478
200320,Plex51,2021-08-21_032125,226,226,226
200325,Plex51,2021-08-21_032155,359,359,358
200326,Plex51,2021-08-21_032708,411,411,411
200327,Plex51,2021-08-21_033254,390,390,389
200327a,Plex51,2021-08-21_033744,395,395,394
200328,Plex51,2021-08-21_034306,356,356,356
200331,Plex51,2021-08-21_034736,404,404,404
200331a,Plex51,2021-08-21_035352,441,441,441
200401,Plex51,2021-08-21_035847,611,611,206
200401a,Plex51,2021-08-21_040230,488,488,488
200401b,Plex51,2021-08-21_040752,471,471,471
200402a,Plex51,2021-08-21_041248,438,438,438
200402b,Plex51,2021-08-21_041739,455,455,455
20200331a,Fez51,2021-08-21_043553,443,429,443
20200401,Fez51,2021-08-21_044102,461,457,461
20200401a,Fez51,2021-08-21_044431,382,382,579
20200402,Fez51,2021-08-21_044836,492,491,492
20200402a,Fez51,2021-08-21_045310,576,576,575
20200606,Fez51,2021-08-21_045902,448,435,448
20200607,Fez51,2021-08-21_050225,450,449,450
20200608,Fez51,2021-08-21_050542,375,375,253
20200621,Fez51,2021-08-21_050842,430,430,430
20200626,Fez51,2021-08-21_051314,486,486,486
20200703,Fez51,2021-08-21_051826,528,528,528
20200714,Fez51,2021-08-21_052243,581,580,581
20200715,Fez51,2021-08-21_052628,498,498,497
20200715a,Fez51,2021-08-21_052825,593,591,593
20200716,Fez51,2021-08-21_053207,464,464,464
20200716a,Fez51,2021-08-21_053534,394,394,394
20200604,Fez57,2021-08-21_053846,650,650,650
20200604a,Fez57,2021-08-21_054250,448,446,448
20200605,Fez57,2021-08-21_054652,517,506,517
20200606,Fez57,2021-08-21_055119,448,436,450
20200607,Fez57,2021-08-21_055453,384,383,395
20200624,Fez57,2021-08-21_055827,470,465,469
20200630,Fez57,2021-08-21_060311,470,468,470
20200701,Fez57,2021-08-21_060800,484,484,484
20200702,Fez57,2021-08-21_061212,446,442,446
20200703,Fez57,2021-08-21_061647,541,541,541
20200714,Fez57,2021-08-21_062227,473,473,473
20200715,Fez57,2021-08-21_062608,537,537,537
20200715a,Fez57,2021-08-21_063006,458,458,458
20200716,Fez57,2021-08-21_063452,555,555,555
20200716a,Fez57,2021-08-21_063938,423,420,424
20200604,Fez59,2021-08-21_064305,643,641,405
20200604a,Fez59,2021-08-21_064823,405,405,405
20200606,Fez59,2021-08-21_065334,675,673,675
20200608,Fez59,2021-08-21_065949,412,386,412
20200624,Fez59,2021-08-21_070542,475,475,482
20200626,Fez59,2021-08-21_070649,432,431,482
20200630,Fez59,2021-08-21_070726,604,604,604
20200701,Fez59,2021-08-21_071301,512,512,501
20200702,Fez59,2021-08-21_071414,486,485,500
20200703,Fez59,2021-08-21_071816,688,683,687
20200604,Fez61,2021-08-21_072423,600,600,600
20200605a,Fez61,2021-08-21_072921,528,528,528
20200606,Fez61,2021-08-21_073310,587,587,587
20200321a,CSP27,2021-08-21_184628,509,509,509
20200321a,CSP27,2021-08-21_211525,509,509,509
20200321a,CSP27,2021-08-21_212742,509,509,509
20200307,CSP27,2021-08-21_213806,466,453,467
20200307a,CSP27,2021-08-21_214255,486,474,486
20200308,CSP27,2021-08-21_214801,523,522,523
20200308a,CSP27,2021-08-21_215357,522,519,522
20200320,CSP27,2021-08-21_220008,505,505,505
20200320a,CSP27,2021-08-21_220532,517,517,517
20200321,CSP27,2021-08-21_221116,550,550,550
20200321a,CSP27,2021-08-21_221629,509,509,509
20200324,CSP27,2021-08-21_222107,568,568,568
20200325,CSP27,2021-08-21_222549,723,723,723
20200326,CSP27,2021-08-21_223144,746,746,746
20200327,CSP27,2021-08-21_223940,708,708,708
20200327a,CSP27,2021-08-21_224428,613,613,612
20200328,CSP27,2021-08-21_225408,536,536,536
20200328a,CSP27,2021-08-21_225945,393,393,393
20200329,CSP27,2021-08-21_230442,552,552,552
20200329a,CSP27,2021-08-21_231100,504,504,504
20200222,CSP29,2021-08-21_231617,460,458,308
20200305,CSP29,2021-08-21_232310,426,425,426
20200305a,CSP29,2021-08-21_232653,516,515,516
20200306,CSP29,2021-08-21_233034,514,513,514
20200321,CSP29,2021-08-21_233542,417,417,417
20200321a,CSP29,2021-08-21_234009,482,482,482
20200322,CSP29,2021-08-21_234437,458,458,458
20200322a,CSP29,2021-08-21_234915,609,609,609
200301,CSP30,2021-08-21_235419,389,385,389
200301a,CSP30,2021-08-21_235910,420,420,419
200303,CSP30,2021-08-22_000427,457,457,457
200316,CSP30,2021-08-22_000939,441,441,441
200316a,CSP30,2021-08-22_001419,452,452,451
200317,CSP30,2021-08-22_001906,486,486,486
200320,CSP30,2021-08-22_002613,395,395,395
200321,CSP30,2021-08-22_003154,375,375,375
200327,CSP30,2021-08-22_003609,449,448,449
200328,CSP30,2021-08-22_004029,435,435,435
200329,CSP30,2021-08-22_004642,430,430,430
200331,CSP30,2021-08-22_005243,462,462,462
200331a,CSP30,2021-08-22_005800,408,408,408
200401,CSP30,2021-08-22_010330,300,300,300
20200401a,CSP30,2021-08-22_010800,446,445,445
200320,Plex50,2021-08-22_011310,374,366,374
200321,Plex50,2021-08-22_011825,313,297,313
200323,Plex50,2021-08-22_012346,451,444,451
200330,Plex50,2021-08-22_012957,460,460,460
200330a,Plex50,2021-08-22_013442,472,472,472
200331,Plex50,2021-08-22_014041,375,375,375
200401a,Plex50,2021-08-22_014624,527,526,527
200401b,Plex50,2021-08-22_015153,399,399,399
20200402,Plex50,2021-08-22_015758,456,455,456
200402a,Plex50,2021-08-22_020228,494,494,494
20200402b,Plex50,2021-08-22_020738,478,478,478
200320,Plex51,2021-08-22_021202,226,226,226
200326,Plex51,2021-08-22_021309,411,411,411
200327,Plex51,2021-08-22_021822,390,390,389
200327a,Plex51,2021-08-22_022245,395,395,394
200328,Plex51,2021-08-22_022736,356,356,356
200331,Plex51,2021-08-22_023151,404,404,404
200331a,Plex51,2021-08-22_023759,441,441,441
200401,Plex51,2021-08-22_024247,611,611,206
20200331a,Fez51,2021-08-22_030153,443,429,443
20200401,Fez51,2021-08-22_030716,461,457,461
20200401a,Fez51,2021-08-22_031054,382,382,579
20200606,Fez51,2021-08-22_031748,448,435,448
20200607,Fez51,2021-08-22_032106,450,449,450
20200608,Fez51,2021-08-22_032421,375,375,253
20200621,Fez51,2021-08-22_032718,430,430,430
20200703,Fez51,2021-08-22_033304,528,528,528
20200715,Fez51,2021-08-22_033800,498,498,497
20200715a,Fez51,2021-08-22_033955,593,591,593
20200716,Fez51,2021-08-22_034331,464,464,464
20200716a,Fez51,2021-08-22_034651,394,394,394
20200604,Fez57,2021-08-22_034947,650,650,650
20200604a,Fez57,2021-08-22_035335,448,446,448
20200605,Fez57,2021-08-22_035727,517,506,517
20200606,Fez57,2021-08-22_040158,448,436,450
20200607,Fez57,2021-08-22_040530,384,383,395
20200630,Fez57,2021-08-22_041047,470,468,470
20200703,Fez57,2021-08-22_041730,541,541,541
20200715,Fez57,2021-08-22_042357,537,537,537
20200715a,Fez57,2021-08-22_042751,458,458,458
20200716,Fez57,2021-08-22_043231,555,555,555
20200716a,Fez57,2021-08-22_043712,423,420,424
20200604,Fez59,2021-08-22_044033,643,641,405
20200606,Fez59,2021-08-22_044750,675,673,675
20200624,Fez59,2021-08-22_045453,475,475,482
20200626,Fez59,2021-08-22_045600,432,431,482
20200630,Fez59,2021-08-22_045637,604,604,604
20200701,Fez59,2021-08-22_050210,512,512,501
20200702,Fez59,2021-08-22_050321,486,485,500
20200703,Fez59,2021-08-22_050720,688,683,687
20200604,Fez61,2021-08-22_051324,600,600,600
20200605a,Fez61,2021-08-22_051820,528,528,528
20200606,Fez61,2021-08-22_052207,587,587,587
